id,company_id,closing_id,line_id,bank_transaction_id,amount,match_type,reference_date,matched_at,note
0424798d-9c3d-4eda-86e3-b40423f8e403,00000000-0000-0000-0000-000000000001,c6486dbc-9b2b-43bb-b2ee-9342b2833f49,52c097e0-b41c-46f8-9e2e-891f808e4ee0,57fbb576-1400-419d-a26a-a2f50cdaa5d3,665.89,pos,2026-09-01,2026-09-07T14:12:45.984948+00:00,
2611a237-b0fb-455c-babc-bf8e655955d8,00000000-0000-0000-0000-000000000001,26cb580e-8410-4f13-b4e4-51e620eb736a,f582b78a-3efe-4f1b-95ae-921241f14fd6,5a4f2ea7-02ca-4043-b154-03e3b855f6b3,850.97,pos,2026-09-01,2026-09-07T14:12:45.984948+00:00,
38543aa5-6ede-4dcb-a718-1f707c95e025,00000000-0000-0000-0000-000000000001,26cb580e-8410-4f13-b4e4-51e620eb736a,97077de3-49af-4db4-9843-47c606207942,05fe3b4a-edb8-4545-bbc3-def9c59b46d8,58,amex,2026-09-01,2026-09-07T14:12:45.984948+00:00,
39043769-54fe-42a9-acb8-258df0ffa21f,00000000-0000-0000-0000-000000000001,c6486dbc-9b2b-43bb-b2ee-9342b2833f49,52c097e0-b41c-46f8-9e2e-891f808e4ee0,3ea48a4e-54c9-4906-8472-c1ee119ea207,177.55,pos,2026-09-01,2026-09-07T14:12:45.984948+00:00,
55727b26-9ab7-4178-8e62-dc87d2053f5a,00000000-0000-0000-0000-000000000001,1e016d40-168a-40ee-bf01-9777b6331b5b,bd713e17-e1e7-4879-b03a-206395b7b933,b3e1eb9d-4579-4ece-aac6-b2d8f56703d0,384.13,pos,2026-09-01,2026-09-07T14:12:45.984948+00:00,
7012a4da-b7d4-4193-bca3-75c70ea73df7,00000000-0000-0000-0000-000000000001,2c36e36c-93e8-4d62-b498-40dc9894aa0f,d2f23f7f-502e-408b-93fb-2033ff9d442a,e4509527-646b-4f03-9a78-2b630407eb23,141.3,pos,2026-09-01,2026-09-07T14:12:45.984948+00:00,
8704be24-3c2b-48bf-96ab-f4588779f763,00000000-0000-0000-0000-000000000001,f1ed896f-f8dc-4c4a-89c0-531103930cc3,c4658cdc-bc75-4a58-8737-f3fdb88cb621,9c633062-7ff8-47a3-91c1-14ea7d985b2c,239.65,pos,2026-09-01,2026-09-07T14:12:45.984948+00:00,
8f73a72d-b38c-43f0-91bb-870f79a76b41,00000000-0000-0000-0000-000000000001,f1ed896f-f8dc-4c4a-89c0-531103930cc3,c4658cdc-bc75-4a58-8737-f3fdb88cb621,2e33f4f8-5820-4c20-87ee-046b4aae9c16,811.61,pos,2026-09-01,2026-09-07T14:12:45.984948+00:00,
964ae3b0-82db-4858-9f9b-b0b4b2ee2d8e,00000000-0000-0000-0000-000000000001,1e016d40-168a-40ee-bf01-9777b6331b5b,bd713e17-e1e7-4879-b03a-206395b7b933,904efa26-9b60-402c-83ce-192c8762a769,540.4,pos,2026-09-01,2026-09-07T14:12:45.984948+00:00,
98c07db0-fc1c-42fe-b445-acd9a3ff529a,00000000-0000-0000-0000-000000000001,b2107f2c-6cbb-4c93-9f85-c3780df2e638,87d0ccd0-a56f-4905-8735-d419006c3ae9,b404e915-5c89-485f-a967-af1a51e526aa,85.29,pos,2026-09-01,2026-09-07T14:12:45.984948+00:00,
a3e91c34-626e-472c-8ad7-89e3e5207bdd,00000000-0000-0000-0000-000000000001,2c36e36c-93e8-4d62-b498-40dc9894aa0f,d2f23f7f-502e-408b-93fb-2033ff9d442a,4cafc1d7-da2e-4c07-9c0c-0354fdc530ac,444.37,pos,2026-09-01,2026-09-07T14:12:45.984948+00:00,
b7204150-f470-4e13-a783-d6e7bd1a1b28,00000000-0000-0000-0000-000000000001,c6486dbc-9b2b-43bb-b2ee-9342b2833f49,52c097e0-b41c-46f8-9e2e-891f808e4ee0,938b684e-530a-41ce-bb3e-b198031a3d60,149.07,pos,2026-09-01,2026-09-07T14:12:45.984948+00:00,
e27477a7-83ef-41cc-b41b-b1d9b30b5bb7,00000000-0000-0000-0000-000000000001,26cb580e-8410-4f13-b4e4-51e620eb736a,f582b78a-3efe-4f1b-95ae-921241f14fd6,4df98d5d-0a1e-4414-8957-5012a6599dc7,451.99,pos,2026-09-01,2026-09-07T14:12:45.984948+00:00,
e2d6b087-e563-445c-b650-be81dea04a10,00000000-0000-0000-0000-000000000001,64589990-eb94-4099-b15b-92c5c5c2faba,3aa7464d-bcd1-46b6-a724-be8f81aa07f5,e72c31e9-94a8-4c9b-b419-d24ef983fce5,130.83,pos,2026-09-01,2026-09-07T14:12:45.984948+00:00,
ec715c93-276a-4544-9650-70993a128b9c,00000000-0000-0000-0000-000000000001,64589990-eb94-4099-b15b-92c5c5c2faba,3aa7464d-bcd1-46b6-a724-be8f81aa07f5,0dc796b0-1595-4877-8218-bb908075fc77,295.83,pos,2026-09-01,2026-09-07T14:12:45.984948+00:00,
f6c1fde9-75f3-43d6-8d26-9839d696bf6d,00000000-0000-0000-0000-000000000001,b2107f2c-6cbb-4c93-9f85-c3780df2e638,87d0ccd0-a56f-4905-8735-d419006c3ae9,aa6488bb-928e-46a2-8b27-39609f302a23,255.7,pos,2026-09-01,2026-09-07T14:12:45.984948+00:00,
0a79edf8-a44a-4bd2-9098-ec4ca8c4c65b,00000000-0000-0000-0000-000000000001,b409ed80-aeb8-479e-980a-34e86b49864d,f744dd03-aa82-4671-b3ae-1f67f165a7be,48d6999d-29d4-4a6d-971b-4f0724bca533,160.13,pos,2026-09-02,2026-09-07T14:12:45.984948+00:00,
0aff6185-30f0-47ea-85d0-519c78ec7144,00000000-0000-0000-0000-000000000001,c6ed5841-c762-47c8-9d51-a80c45e66a0c,8fd429ca-7f2e-4d26-a49f-47986fb92e71,17629760-5739-49bc-b2fd-8c1d9d52ef2c,102.79,pos,2026-09-02,2026-09-07T14:12:45.984948+00:00,
276ba19b-62bd-45dd-816d-2c1b97be3735,00000000-0000-0000-0000-000000000001,edf3e41d-60f0-4277-b426-7f4ceee588af,b7879556-6d36-456c-8c58-6132b749e1fb,2b427223-1fab-4299-af13-965610fa405d,854.83,pos,2026-09-02,2026-09-07T14:12:45.984948+00:00,
2b0765ab-c0bb-46b8-8728-4cce92ca5098,00000000-0000-0000-0000-000000000001,12531c11-1caf-4b0f-a562-3389d46fbeb6,680d7e18-2591-47a8-b12c-afd9e8946d0e,7811a62b-f4bb-4fc3-bc6e-55327764255e,235.9,pos,2026-09-02,2026-09-07T14:12:45.984948+00:00,
2e060455-113a-4fb8-ae3c-4bbf962e14d1,00000000-0000-0000-0000-000000000001,3b9b5d1a-2796-4253-b32f-b868fcd1b246,84ad0843-a4f3-4761-a2a3-ba645d91137d,32aa5c19-7f12-475c-b1f5-f8888d62963f,421.24,pos,2026-09-02,2026-09-07T14:12:45.984948+00:00,
3b4aa2ee-e560-42c3-90ab-2ddcd05473c7,00000000-0000-0000-0000-000000000001,2e1bc9bb-a733-4d18-a522-3232ee405adb,30f0c1f8-d531-4df9-bf82-1f754d4fed4f,12272573-1c39-40f3-bc69-3e6490a134ea,45.23,pos,2026-09-02,2026-09-07T14:12:45.984948+00:00,
3c678fe3-c978-45a6-8fc9-663e5005aac5,00000000-0000-0000-0000-000000000001,7769d177-4e8c-4bb8-b60a-f5664e02ef04,efcc0ff2-9c32-476d-a550-045eaae9d124,a07f58fb-71ed-4248-98b8-7bd6d47d2111,109.86,pos,2026-09-02,2026-09-07T14:12:45.984948+00:00,
3d29a7b8-66a0-4c6d-9c59-b8f30b228c37,00000000-0000-0000-0000-000000000001,12531c11-1caf-4b0f-a562-3389d46fbeb6,680d7e18-2591-47a8-b12c-afd9e8946d0e,feedd6f9-40c5-4594-862e-9067fab156c4,706.49,pos,2026-09-02,2026-09-07T14:12:45.984948+00:00,
3f6a6c83-480b-4d81-add6-e5f184bdbcff,00000000-0000-0000-0000-000000000001,edf3e41d-60f0-4277-b426-7f4ceee588af,b7879556-6d36-456c-8c58-6132b749e1fb,d285a2a7-bb43-4de5-bdb0-f4418ec87c78,139.3,pos,2026-09-02,2026-09-07T14:12:45.984948+00:00,
59a0578f-44bf-447c-b2ad-a60e06e72c07,00000000-0000-0000-0000-000000000001,3b9b5d1a-2796-4253-b32f-b868fcd1b246,84ad0843-a4f3-4761-a2a3-ba645d91137d,6196e025-f96b-4707-b6bd-6a9e471db321,290.52,pos,2026-09-02,2026-09-07T14:12:45.984948+00:00,
654a509f-374e-4607-9be9-a5091e271791,00000000-0000-0000-0000-000000000001,b409ed80-aeb8-479e-980a-34e86b49864d,f744dd03-aa82-4671-b3ae-1f67f165a7be,b3e6335b-551a-417c-b1ca-03f3f78d1361,273.96,pos,2026-09-02,2026-09-07T14:12:45.984948+00:00,
7ea73d32-e38a-45a4-aec8-be69232eb382,00000000-0000-0000-0000-000000000001,7769d177-4e8c-4bb8-b60a-f5664e02ef04,efcc0ff2-9c32-476d-a550-045eaae9d124,51899ab9-3b2b-4c77-ab91-67e18f7f9cc6,18,pos,2026-09-02,2026-09-07T14:12:45.984948+00:00,
a509cfc9-744d-4a55-b377-2ae2e0e86e96,00000000-0000-0000-0000-000000000001,7769d177-4e8c-4bb8-b60a-f5664e02ef04,efcc0ff2-9c32-476d-a550-045eaae9d124,9f72b413-fcc2-4086-8e98-5625477699ff,884.4,pos,2026-09-02,2026-09-07T14:12:45.984948+00:00,
b32bec31-057c-4be4-b841-cb6c3af3e345,00000000-0000-0000-0000-000000000001,2e1bc9bb-a733-4d18-a522-3232ee405adb,30f0c1f8-d531-4df9-bf82-1f754d4fed4f,eed35a44-db9d-491a-9e01-3b3463d68980,909.22,pos,2026-09-02,2026-09-07T14:12:45.984948+00:00,
bbd8a016-74cc-46fe-bc2d-d6fbcf3fb41b,00000000-0000-0000-0000-000000000001,c6ed5841-c762-47c8-9d51-a80c45e66a0c,8fd429ca-7f2e-4d26-a49f-47986fb92e71,688c25d2-b42f-4121-8fd9-784b56d3d5b3,387.9,pos,2026-09-02,2026-09-07T14:12:45.984948+00:00,
12821910-3980-48ca-b882-025577c465b6,00000000-0000-0000-0000-000000000001,d5cdbe94-ba06-4051-bcb7-aee97525b8bf,0fa26236-4ab6-46bc-9cfd-db501a7b0ae8,715fa655-716c-402d-b7e6-05912932eb3d,694.93,pos,2026-09-03,2026-09-07T14:12:45.984948+00:00,
1f30f231-bb2f-4205-9c08-f95a486402b3,00000000-0000-0000-0000-000000000001,85e883e1-7428-45fe-8066-312943145ebe,3f8f9281-1272-4697-82d8-5c073d5cc4c6,b43c9a8a-9a19-4c1a-9c81-9a31811a90f9,485.23,pos,2026-09-03,2026-09-07T14:12:45.984948+00:00,
43559584-df2a-4d55-982c-6026f723b46b,00000000-0000-0000-0000-000000000001,e9825d52-1a59-4f0e-9072-ccd9e03ef3f4,310b4153-b79c-4fbc-9387-669feefe708f,82170fc0-1629-4b7d-ba0a-a6a1ccb76208,159.16,pos,2026-09-03,2026-09-07T14:12:45.984948+00:00,
55c9f9fe-8b0e-4ba1-8290-383c1972fb3d,00000000-0000-0000-0000-000000000001,886c2c16-e864-4ff3-9e33-5fb98898c543,612873f1-4709-46c6-9b35-431ce75cb7b8,1e85bc4e-693e-4584-8d18-a69bed969fbf,674.78,pos,2026-09-03,2026-09-07T14:12:45.984948+00:00,
57950b04-fa99-4e0e-9a8a-465e47d071da,00000000-0000-0000-0000-000000000001,d5cdbe94-ba06-4051-bcb7-aee97525b8bf,0fa26236-4ab6-46bc-9cfd-db501a7b0ae8,a3657902-0367-4964-ba01-f36b1c0d531b,237.54,pos,2026-09-03,2026-09-07T14:12:45.984948+00:00,
57ec6bed-2c58-4940-9b34-4b23ee03fb5b,00000000-0000-0000-0000-000000000001,85e883e1-7428-45fe-8066-312943145ebe,3f8f9281-1272-4697-82d8-5c073d5cc4c6,38c657b2-67fb-4392-aa38-b24cca443a6d,550.31,pos,2026-09-03,2026-09-07T14:12:45.984948+00:00,
6ac78ce7-6db2-46d7-9680-51cb8af2a1f4,00000000-0000-0000-0000-000000000001,519201a5-6650-4329-a0aa-b462ea60e901,6b111f58-3d47-4d5e-a22f-89acc919f09b,682e9e57-3041-4948-973d-81bcd01072a8,300.71,pos,2026-09-03,2026-09-07T14:12:45.984948+00:00,
6e31c6d8-c763-4faa-8e3b-3ecdcccff15f,00000000-0000-0000-0000-000000000001,886c2c16-e864-4ff3-9e33-5fb98898c543,612873f1-4709-46c6-9b35-431ce75cb7b8,9d72412a-fbc0-4374-bb3e-5af6cdec9540,109.5,pos,2026-09-03,2026-09-07T14:12:45.984948+00:00,
7267ba78-5d1a-469f-962f-237982a83aeb,00000000-0000-0000-0000-000000000001,a7d69e73-e43e-4b66-9ae0-dfc6027ad98b,8d078c6b-2975-4347-8e14-554d4798fe4f,86e87974-f14e-4981-ab3f-abeed90fba16,171.35,pos,2026-09-03,2026-09-07T14:12:45.984948+00:00,
742a11ea-036b-4cf4-97b4-9ffcb1606a78,00000000-0000-0000-0000-000000000001,519201a5-6650-4329-a0aa-b462ea60e901,6b111f58-3d47-4d5e-a22f-89acc919f09b,08049999-3413-4aed-be27-9a90b7e7f021,836.6,pos,2026-09-03,2026-09-07T14:12:45.984948+00:00,
80e23ab1-9216-46f5-b622-e76a76fdd314,00000000-0000-0000-0000-000000000001,a7d69e73-e43e-4b66-9ae0-dfc6027ad98b,8d078c6b-2975-4347-8e14-554d4798fe4f,c4003dac-3be5-4971-a1e3-38f5704daeda,18.87,pos,2026-09-03,2026-09-07T14:12:45.984948+00:00,
8f6c409e-1527-45a9-8497-b9f8fc69b2fc,00000000-0000-0000-0000-000000000001,a7d69e73-e43e-4b66-9ae0-dfc6027ad98b,8d078c6b-2975-4347-8e14-554d4798fe4f,d696d159-62d0-415a-a777-6c2d7d3cfc0f,751.75,pos,2026-09-03,2026-09-07T14:12:45.984948+00:00,
90e6d51a-2783-41a2-b311-0a7b2689df5a,00000000-0000-0000-0000-000000000001,e4ba2110-f299-42ca-846b-6defaaa4782d,33e4885e-a3ea-4052-89c6-5e838a7c9113,f486fa90-d276-4c15-b035-a2ed1575f7c9,60.79,pos,2026-09-03,2026-09-07T14:12:45.984948+00:00,
a2274ef3-d12a-4dc4-b285-1d15f8e33267,00000000-0000-0000-0000-000000000001,e9825d52-1a59-4f0e-9072-ccd9e03ef3f4,310b4153-b79c-4fbc-9387-669feefe708f,860e8895-4974-40ec-b48a-5ca853d4e9cf,1383.33,pos,2026-09-03,2026-09-07T14:12:45.984948+00:00,
c2fe8c2c-e247-4170-93f6-a037e2cd4870,00000000-0000-0000-0000-000000000001,e4ba2110-f299-42ca-846b-6defaaa4782d,33e4885e-a3ea-4052-89c6-5e838a7c9113,4683d4fe-81f7-471e-a5d2-d78d1aa5534d,779.29,pos,2026-09-03,2026-09-07T14:12:45.984948+00:00,
d5406fdf-0b76-409e-b5f7-c8d414e7b052,00000000-0000-0000-0000-000000000001,886c2c16-e864-4ff3-9e33-5fb98898c543,612873f1-4709-46c6-9b35-431ce75cb7b8,b4b016d3-90d9-4507-a0c2-3c50bd67b3ef,95.63,pos,2026-09-03,2026-09-07T14:12:45.984948+00:00,
e58d200e-74cb-4817-8d7a-a2894430e730,00000000-0000-0000-0000-000000000001,e4ba2110-f299-42ca-846b-6defaaa4782d,33e4885e-a3ea-4052-89c6-5e838a7c9113,bc2505e3-5ac1-474a-a864-70fe8a9a9939,222.95,pos,2026-09-03,2026-09-07T14:12:45.984948+00:00,
0f3a7c9a-4f3c-40e5-bbe4-f25ee0be6854,00000000-0000-0000-0000-000000000001,5cbf774e-e187-4d4f-85fb-234cb154bd4b,99b24846-6375-4d79-bfae-6e36b4f35186,1371500a-239d-4c92-81d1-0cc0d32df4d8,60.57,pos,2026-09-04,2026-09-07T14:12:45.984948+00:00,
16b70331-9524-4e72-bd28-b54a7bd381d2,00000000-0000-0000-0000-000000000001,70f438aa-0ec5-4c80-b29b-307d39810156,eb80ce48-8bb3-433e-a8cf-bbff9e8f84fe,c656df6a-c49f-41c2-ae42-4a21f8bcf139,101.4,pos,2026-09-04,2026-09-07T14:12:45.984948+00:00,
3b0ec9fe-742d-47a3-ac82-9042f017c327,00000000-0000-0000-0000-000000000001,d0cd9a1d-ff26-41b9-9520-27b123babf2b,5abc75d5-7f8e-4f4c-b949-e87538e93368,3b20fb29-2d6a-4ce0-863e-bf4840b7f0ed,415.18,pos,2026-09-04,2026-09-07T14:12:45.984948+00:00,
3efa9a70-8262-456e-bd4a-7ace67929f4b,00000000-0000-0000-0000-000000000001,70f438aa-0ec5-4c80-b29b-307d39810156,6684be1c-3ea5-424b-a5b8-45aca73f0188,483da30e-a39f-41d0-8ffc-9585d77490b1,550.69,pos,2026-09-04,2026-09-07T18:18:02.988712+00:00,
41f1c22f-e5c8-4e4b-a858-7336015e805e,00000000-0000-0000-0000-000000000001,5cbf774e-e187-4d4f-85fb-234cb154bd4b,99b24846-6375-4d79-bfae-6e36b4f35186,6f864588-49ad-4c45-9499-bea659f27e7f,677.62,pos,2026-09-04,2026-09-07T14:12:45.984948+00:00,
4a53ba9d-52d6-4a4e-8d1b-aa9fb387b7c4,00000000-0000-0000-0000-000000000001,2a0abdb9-f281-43ae-903c-c4fe9ef82560,540d9c1f-6d4b-42f3-81ec-66612370ee91,126d52cf-b8c1-40a3-8cce-ebe330c98fc0,809.18,pos,2026-09-04,2026-09-07T14:12:45.984948+00:00,
7b50196e-c152-4352-89e1-67be15d57377,00000000-0000-0000-0000-000000000001,ed928214-e9e9-4f97-bb5d-52dcc3cbf706,7607b9b7-40dc-47a1-9264-ad0868a4a870,ad8c7b7a-4a5d-4cea-bc9a-44b4d5dd6603,523.7,pos,2026-09-04,2026-09-07T14:12:45.984948+00:00,
7c760def-6e19-4885-b6e8-1bd52f47ca0b,00000000-0000-0000-0000-000000000001,ed928214-e9e9-4f97-bb5d-52dcc3cbf706,7607b9b7-40dc-47a1-9264-ad0868a4a870,ae6bb08d-82ce-4dd8-b0e0-60d424a92f0a,153.1,pos,2026-09-04,2026-09-07T14:12:45.984948+00:00,
a5ac4684-566e-40f2-a3a9-4da7a5287eda,00000000-0000-0000-0000-000000000001,eedcddc0-c627-49fe-8e13-39d649c70a99,b0182e2d-3dcb-4bea-9790-7d09a6a2ee8b,3825345d-49e7-4b4e-8aba-1dc028b962e1,413.15,pos,2026-09-04,2026-09-07T14:12:45.984948+00:00,
a93e7213-0333-4811-8d70-218f15f12760,00000000-0000-0000-0000-000000000001,f6b612d9-3813-4f52-9742-afa94aa1bcd5,ad98fef7-d245-4655-bf54-32222c2e9e35,b3692c73-34ae-440b-8972-df43b22c7d59,96.23,pos,2026-09-04,2026-09-07T14:12:45.984948+00:00,
cfc0b75c-3a74-4f0d-b397-059202687e21,00000000-0000-0000-0000-000000000001,d0cd9a1d-ff26-41b9-9520-27b123babf2b,11d5ac82-06ab-4a3b-8893-f0ed6ad9dd13,003ad4cf-cacc-4208-8ff5-f9491b96901b,281.13,pos,2026-09-04,2026-09-07T18:18:02.988712+00:00,
e08558cd-c85a-40d3-a765-29c1333f8979,00000000-0000-0000-0000-000000000001,f6b612d9-3813-4f52-9742-afa94aa1bcd5,3bf0a238-f628-48e6-8038-c402c2f25b3c,60f53f1c-662d-4e21-bc3a-cd1dd7e7358a,615.19,pos,2026-09-04,2026-09-07T18:18:02.988712+00:00,
e4620de9-2ba9-46e7-8692-12106bc38c8c,00000000-0000-0000-0000-000000000001,2a0abdb9-f281-43ae-903c-c4fe9ef82560,540d9c1f-6d4b-42f3-81ec-66612370ee91,78d563f8-30f8-4edf-9956-8d279bf839eb,166.78,pos,2026-09-04,2026-09-07T14:12:45.984948+00:00,
1f044ec1-90dd-4112-acd9-43738529c156,00000000-0000-0000-0000-000000000001,0bd95c0f-bf38-4aa5-86d9-0816be527ce1,5cc1ab55-87aa-4a03-b29f-d168873df492,9f150340-c257-426a-ab54-5610256be808,164.84,pos,2026-09-05,2026-09-07T14:12:45.984948+00:00,
3b644b0d-87ff-4c97-912f-92940f8c17d7,00000000-0000-0000-0000-000000000001,b142c700-e769-4d61-ada5-5a054820a725,5b29fccc-8173-4ad9-8534-1f5921d863b9,ad987bfc-13b6-42b8-8ada-27d3e2f3b55f,54,pos,2026-09-05,2026-09-07T18:18:02.988712+00:00,
3c7fce7d-8748-436f-9880-a1e63ae3030c,00000000-0000-0000-0000-000000000001,a93b40e8-84a0-493b-bcfe-02a290617b2f,00cdeba7-dfcb-4027-a541-734a5d3180f6,c4c6199e-c995-4fc2-8fda-317312a18f51,283.82,pos,2026-09-05,2026-09-07T18:18:02.988712+00:00,
3f09e680-eea8-4345-9cd4-f17e3cbaf8ff,00000000-0000-0000-0000-000000000001,40b1531f-da16-49d0-b4f3-ae52ab6c2bcf,63ade1be-8cb3-46ea-b4a2-569891a916c3,f7cc86ad-49b0-4f32-b50d-9b0b26edd7f0,164,pos,2026-09-05,2026-09-07T14:12:45.984948+00:00,
4702491c-5798-4d67-84d1-12d7bd08a3ba,00000000-0000-0000-0000-000000000001,a93b40e8-84a0-493b-bcfe-02a290617b2f,53b1b0a5-1fdf-4676-b77c-dd4f498ab749,73534c73-5270-46a9-8b3a-912882d2c021,72,amex,2026-09-05,2026-09-07T18:18:02.988712+00:00,
48c774b7-b7ae-463f-bd85-16ee9b5f5a9a,00000000-0000-0000-0000-000000000001,2e320e50-bd0e-4022-9814-aa6f4db0a025,5fcb5f45-b398-4daa-97ea-3abdd6ad1933,24fd097d-f502-4a28-bd0a-3b9b9c659464,2713.18,pos,2026-09-05,2026-09-07T14:12:45.984948+00:00,
4b71d040-3bdc-48e6-897a-9445c05d666b,00000000-0000-0000-0000-000000000001,40b1531f-da16-49d0-b4f3-ae52ab6c2bcf,63ade1be-8cb3-46ea-b4a2-569891a916c3,bba5fc40-31da-4f1a-b0f0-c1f220d55852,1291.9,pos,2026-09-05,2026-09-07T14:12:45.984948+00:00,
51b50f75-551b-42b6-b896-048957456082,00000000-0000-0000-0000-000000000001,f7aa5a5a-4a04-4e88-b61d-71e3397ec094,890a7b9f-bb61-4778-bfff-465d51c2ae6e,41cd132e-847a-414d-a13c-426c36c612f3,1118.31,pos,2026-09-05,2026-09-07T14:12:45.984948+00:00,
5811fc71-c1fa-4620-b8aa-5446d2a93d3c,00000000-0000-0000-0000-000000000001,a00607b6-05d7-47db-980f-d1107c6c9e44,bd25f810-727a-4df7-8629-55dc8f387eb9,4df28004-8351-4b6a-a59f-66fc19da1d4d,250.05,pos,2026-09-05,2026-09-07T14:12:45.984948+00:00,
5c1787d9-6e3a-4319-8871-a0f60261388a,00000000-0000-0000-0000-000000000001,a00607b6-05d7-47db-980f-d1107c6c9e44,bd25f810-727a-4df7-8629-55dc8f387eb9,ae777c66-8b12-4b0f-ad50-7e5a8483ee9b,717.25,pos,2026-09-05,2026-09-07T14:12:45.984948+00:00,
639061b3-8c40-4945-9a26-36957128a07f,00000000-0000-0000-0000-000000000001,f7aa5a5a-4a04-4e88-b61d-71e3397ec094,890a7b9f-bb61-4778-bfff-465d51c2ae6e,3f5338a5-6621-4d17-92af-17a41850a397,606.53,pos,2026-09-05,2026-09-07T14:12:45.984948+00:00,
6a0a89a7-d136-48d4-af46-98a1e1400cad,00000000-0000-0000-0000-000000000001,a93b40e8-84a0-493b-bcfe-02a290617b2f,b15907d9-e49d-4f62-a884-74589143ad66,ce5c2b45-7f44-47c7-91e2-822832cd7457,269.61,pos,2026-09-05,2026-09-07T18:18:02.988712+00:00,
7ec2c483-5984-48e2-abdd-8cfc053f2d08,00000000-0000-0000-0000-000000000001,a93b40e8-84a0-493b-bcfe-02a290617b2f,b15907d9-e49d-4f62-a884-74589143ad66,533d7aa8-9fb4-4a5d-8485-1066c811b3e0,112.82,pos,2026-09-05,2026-09-07T18:18:02.988712+00:00,
80e0b348-f22a-40cd-91ff-4e83bca0597d,00000000-0000-0000-0000-000000000001,2e320e50-bd0e-4022-9814-aa6f4db0a025,5fcb5f45-b398-4daa-97ea-3abdd6ad1933,10924db1-b139-46c4-ad2e-979d6a5a53d7,832,pos,2026-09-05,2026-09-07T14:12:45.984948+00:00,
930f5ecc-74c4-48ff-83c4-47a57efa719d,00000000-0000-0000-0000-000000000001,f7aa5a5a-4a04-4e88-b61d-71e3397ec094,5ad096bf-ed6c-47fd-ac1f-248c63907dd8,8f0912bd-aeda-4a97-a840-047c6c3275bf,30,pos,2026-09-05,2026-09-07T18:18:02.988712+00:00,
9665294e-024d-4e57-82bd-098d60d3ce7d,00000000-0000-0000-0000-000000000001,a00607b6-05d7-47db-980f-d1107c6c9e44,e0bc7e55-c1dd-4274-ba4f-4bd245409c64,51c70acf-0a63-47dd-849c-f769562b8f38,259.4,pos,2026-09-05,2026-09-07T18:18:02.988712+00:00,
a4d57508-3cfb-4b1f-a389-a4b37c72f0ff,00000000-0000-0000-0000-000000000001,0bd95c0f-bf38-4aa5-86d9-0816be527ce1,5cc1ab55-87aa-4a03-b29f-d168873df492,1f809b6c-6bf9-43f2-a0b5-eb18f3b699c1,900.8,pos,2026-09-05,2026-09-07T14:12:45.984948+00:00,
a4e6c926-73df-4037-8a7e-7ca6773abefe,00000000-0000-0000-0000-000000000001,f7aa5a5a-4a04-4e88-b61d-71e3397ec094,890a7b9f-bb61-4778-bfff-465d51c2ae6e,c97dfe8b-2662-4054-b0f3-62f22e8f056a,52.7,pos,2026-09-05,2026-09-07T14:12:45.984948+00:00,
ac10f0ca-5004-41dc-86d4-96a9320a8152,00000000-0000-0000-0000-000000000001,f7aa5a5a-4a04-4e88-b61d-71e3397ec094,5ad096bf-ed6c-47fd-ac1f-248c63907dd8,035687ed-4304-4803-adf8-fb66c5ca4f99,588.75,pos,2026-09-05,2026-09-07T18:18:02.988712+00:00,
afa5c0f7-be51-4ea7-adee-c979e88a3545,00000000-0000-0000-0000-000000000001,b142c700-e769-4d61-ada5-5a054820a725,139e6aba-2ca3-49dc-859d-e0880d4aed98,d8eaa959-ac87-4439-b643-e9463a2dfa6c,482.67,pos,2026-09-05,2026-09-07T14:12:45.984948+00:00,
b934e9f6-6906-4826-a7ec-0488948480b7,00000000-0000-0000-0000-000000000001,b142c700-e769-4d61-ada5-5a054820a725,139e6aba-2ca3-49dc-859d-e0880d4aed98,092ffdb3-0344-42e8-9bbe-ef54e7c433df,1046.23,pos,2026-09-05,2026-09-07T14:12:45.984948+00:00,
b952b04f-f250-44fd-a318-b650ee6773a5,00000000-0000-0000-0000-000000000001,b142c700-e769-4d61-ada5-5a054820a725,5b29fccc-8173-4ad9-8534-1f5921d863b9,d53553c5-bcbe-4451-983d-5b4a9a4b894a,87.87,pos,2026-09-05,2026-09-07T18:18:02.988712+00:00,
cee9d06d-de55-4910-b419-fada05505aaf,00000000-0000-0000-0000-000000000001,40b1531f-da16-49d0-b4f3-ae52ab6c2bcf,63ade1be-8cb3-46ea-b4a2-569891a916c3,314ffc06-33a4-428e-81ed-780315fc9776,191.04,pos,2026-09-05,2026-09-07T14:12:45.984948+00:00,
feaa384e-1dee-4446-becd-26536c5f4c6a,00000000-0000-0000-0000-000000000001,a93b40e8-84a0-493b-bcfe-02a290617b2f,00cdeba7-dfcb-4027-a541-734a5d3180f6,5333a75f-9de3-4d39-876f-d92ddc9542c6,297.62,pos,2026-09-05,2026-09-07T14:12:45.984948+00:00,
0d329f06-5083-49f6-9c45-332a943c8b6e,00000000-0000-0000-0000-000000000001,f5821270-c188-482d-a564-4eba89606a05,a746ac74-274e-42be-9a74-a80ce9e58121,311c472d-d337-42e8-90e5-aef99721d2f4,467.48,pos,2026-09-06,2026-09-07T14:12:45.984948+00:00,
11d4962e-f040-4ed2-9a7f-726ee5eb8376,00000000-0000-0000-0000-000000000001,b84ff227-b88a-4cb0-9d41-f37875c9d78f,b1cf0582-fe6f-4667-ad94-46a57eda5817,0a4cf245-63b1-4900-80b0-a60cfca84c83,47.59,pos,2026-09-06,2026-09-07T14:12:45.984948+00:00,
15672c7a-4fc8-4434-a940-d23a0c2869b8,00000000-0000-0000-0000-000000000001,b84ff227-b88a-4cb0-9d41-f37875c9d78f,7c048e84-1257-4aa9-81e9-4d20bc775e17,20b22368-8477-4719-8c67-c63873f51acf,189.76,pos,2026-09-06,2026-09-07T18:18:02.988712+00:00,
3420912f-ba1d-4466-88dc-cc0182bb93b5,00000000-0000-0000-0000-000000000001,0fd322c7-eef5-4863-ba46-c8bdbfcc74d4,95de2f5a-d2ad-474e-a8e2-1342ae550024,5c9f79f4-4c15-492d-9d5e-4c7a78789670,31.5,pos,2026-09-06,2026-09-07T18:18:02.988712+00:00,
3ad38460-14d6-45ad-8a43-91be14cf2775,00000000-0000-0000-0000-000000000001,d726c124-1b7f-46d8-8cce-ede7a01ba9df,7c032b29-645a-4f06-bf17-9af7cf14fc37,28ebcbab-0d23-4ede-b071-9438cb4653f9,29,pos,2026-09-06,2026-09-07T14:12:45.984948+00:00,
567b29c5-e1dc-4b35-a268-86162c28aaa3,00000000-0000-0000-0000-000000000001,0c37c6c1-482d-4fb9-8422-8a9706c7d5ce,c7d584ee-f5f8-4d7c-9c64-1e46cea77d67,509e165c-7c4a-4e25-b04a-50bfeb641990,9,pos,2026-09-06,2026-09-07T18:18:02.988712+00:00,
694f210d-1da7-40d5-b4f9-2e81e903a881,00000000-0000-0000-0000-000000000001,b84ff227-b88a-4cb0-9d41-f37875c9d78f,7c048e84-1257-4aa9-81e9-4d20bc775e17,b564fa2e-fad6-42e8-967a-26d4be2becd0,808.89,pos,2026-09-06,2026-09-07T18:18:02.988712+00:00,
69c40454-e97d-4e30-8cab-b5e4ed5795aa,00000000-0000-0000-0000-000000000001,2ace5cfd-dfec-486f-bd3f-45d3f6064699,f091c027-4436-485f-809b-19d025b366e3,f87c4cca-4b6c-4618-a644-4880afd2f197,1155.53,pos,2026-09-06,2026-09-07T14:12:45.984948+00:00,
74ba5187-7e2b-4780-a049-60c82a81a47b,00000000-0000-0000-0000-000000000001,d726c124-1b7f-46d8-8cce-ede7a01ba9df,5e950672-f055-440a-9021-ed0b36521f87,a8e87267-ac2c-4580-a0e3-ed27e3cc6345,153.9,amex,2026-09-06,2026-09-07T18:18:02.988712+00:00,
7fc7a69a-7861-4ace-a969-b93a151b33b1,00000000-0000-0000-0000-000000000001,2ace5cfd-dfec-486f-bd3f-45d3f6064699,f091c027-4436-485f-809b-19d025b366e3,a30355cf-b59d-4973-be6d-e5019f02fa80,45.7,pos,2026-09-06,2026-09-07T14:12:45.984948+00:00,
80dcb1bb-d5ca-4de7-9119-98beb55b3299,00000000-0000-0000-0000-000000000001,f5821270-c188-482d-a564-4eba89606a05,a746ac74-274e-42be-9a74-a80ce9e58121,0b97040e-2bbc-4123-b083-b062f7b59d08,1651.38,pos,2026-09-06,2026-09-07T14:12:45.984948+00:00,
9005824e-001d-41d8-a3e7-5883b1f4e2a8,00000000-0000-0000-0000-000000000001,0fd322c7-eef5-4863-ba46-c8bdbfcc74d4,338498ac-cafb-42c0-bf2f-fdb647864596,03d13a44-9a63-4422-8659-070295c52cde,129.7,pos,2026-09-06,2026-09-07T14:12:45.984948+00:00,
95e0ac88-8fcb-4d01-8ac9-32fd585e955b,00000000-0000-0000-0000-000000000001,0fd322c7-eef5-4863-ba46-c8bdbfcc74d4,338498ac-cafb-42c0-bf2f-fdb647864596,38e377eb-4ae2-4dab-a6f6-a847ff979d2e,1808.66,pos,2026-09-06,2026-09-07T14:12:45.984948+00:00,
a7fa869a-bb76-4a4d-8808-385be1b620b0,00000000-0000-0000-0000-000000000001,b84ff227-b88a-4cb0-9d41-f37875c9d78f,b1cf0582-fe6f-4667-ad94-46a57eda5817,5de8caa2-be92-4f02-8329-a5bcc5d2baf7,171.92,pos,2026-09-06,2026-09-07T14:12:45.984948+00:00,
b3b8c462-473e-48b3-998d-3d5dd9b11ce3,00000000-0000-0000-0000-000000000001,d726c124-1b7f-46d8-8cce-ede7a01ba9df,8ae75c80-bbe5-40ce-bc76-18a74510a296,3d029a6a-5ff9-4a50-a232-70750d52a2ef,1988.9,pos,2026-09-06,2026-09-07T18:18:02.988712+00:00,
c88acdaa-01f3-4cca-b87c-57af30983a56,00000000-0000-0000-0000-000000000001,0c37c6c1-482d-4fb9-8422-8a9706c7d5ce,f8c3b88b-6633-4a4a-92a5-786a8d2f8bc8,b8b9366f-69ab-421b-a956-ebefe215e99a,998.41,pos,2026-09-06,2026-09-07T14:12:45.984948+00:00,
ca202b28-e43e-45db-b333-0a443b751df9,00000000-0000-0000-0000-000000000001,d73d39ab-d4a8-4208-8beb-c0ddafc521c7,de3d5bfc-f0fd-4f3a-b5ef-1282caf8fd67,edd49817-1f9d-43d7-85f9-fbedeff0890c,312.5,amex,2026-09-06,2026-09-07T18:18:02.988712+00:00,
cdc3210c-4b15-4ed1-a1a9-864a810f1336,00000000-0000-0000-0000-000000000001,0c37c6c1-482d-4fb9-8422-8a9706c7d5ce,c7d584ee-f5f8-4d7c-9c64-1e46cea77d67,8f8deec9-e06d-4a2b-8823-24c4551848e2,16.5,pos,2026-09-06,2026-09-07T18:18:02.988712+00:00,
d16b7a93-6d3e-4ebb-89c8-f7783734470e,00000000-0000-0000-0000-000000000001,0fd322c7-eef5-4863-ba46-c8bdbfcc74d4,338498ac-cafb-42c0-bf2f-fdb647864596,77bcd232-1ba3-4666-a29e-6f2f56c3e96a,365.85,pos,2026-09-06,2026-09-07T14:12:45.984948+00:00,
d1794090-9e46-480e-8eb0-9cbe407da75e,00000000-0000-0000-0000-000000000001,d73d39ab-d4a8-4208-8beb-c0ddafc521c7,652f4ac5-3e83-48a9-80bf-d300a52f78a4,842c19f3-a1e3-4a9d-a76e-9c01148c680b,426.72,pos,2026-09-06,2026-09-07T18:18:02.988712+00:00,
da842396-b79d-43e1-b1be-bbe05121c895,00000000-0000-0000-0000-000000000001,d726c124-1b7f-46d8-8cce-ede7a01ba9df,8ae75c80-bbe5-40ce-bc76-18a74510a296,ca65febb-02bf-45e6-8c3d-a686d44075a3,2209,pos,2026-09-06,2026-09-07T18:18:02.988712+00:00,
e66eb0f0-ef32-423a-8b78-93a85aa707fd,00000000-0000-0000-0000-000000000001,d726c124-1b7f-46d8-8cce-ede7a01ba9df,7c032b29-645a-4f06-bf17-9af7cf14fc37,61f16cbe-a5a6-431a-ba02-97f58814b8e3,10,pos,2026-09-06,2026-09-07T14:12:45.984948+00:00,
e819447b-ef6c-4019-8726-7028049d00c6,00000000-0000-0000-0000-000000000001,d73d39ab-d4a8-4208-8beb-c0ddafc521c7,652f4ac5-3e83-48a9-80bf-d300a52f78a4,dd9aaa49-0a0b-4e84-bb39-1fe38507df31,2277.33,pos,2026-09-06,2026-09-07T18:18:02.988712+00:00,
fd808dcb-2705-4135-b268-e0e90dd91a07,00000000-0000-0000-0000-000000000001,0c37c6c1-482d-4fb9-8422-8a9706c7d5ce,f8c3b88b-6633-4a4a-92a5-786a8d2f8bc8,7cd99352-76e8-4c89-b765-1c63aa049ec7,628.57,pos,2026-09-06,2026-09-07T14:12:45.984948+00:00,
fed308c3-a6cf-463f-a81b-9d07b2421c5e,00000000-0000-0000-0000-000000000001,d73d39ab-d4a8-4208-8beb-c0ddafc521c7,b8f02587-f389-4af3-890f-5b9b3be9d7cc,e73d4c9f-30cc-429e-95fe-b31fac2eec74,69.09,pos,2026-09-06,2026-09-07T14:12:45.984948+00:00,
000c5803-4469-446b-ac64-ce6f8bcc4b84,00000000-0000-0000-0000-000000000001,2586b606-7590-4291-9bfa-5e444ae9f39a,8b5dc346-3081-4786-9c17-de4151e03db0,d6752cb0-d890-4249-8116-1a285e220c83,120.03,pos,2026-09-07,2026-09-09T06:05:00.048743+00:00,
4f29038d-5342-4b03-b6b4-f471e55ca709,00000000-0000-0000-0000-000000000001,616fbaa0-e278-4a0e-a00f-75488ae81103,6251c3b5-073a-4796-bad6-2f60172f39f9,a93d8bb0-1ead-435c-a9fd-744f379826e9,330.75,pos,2026-09-07,2026-09-09T06:05:00.048743+00:00,
537901aa-8267-4508-a5b7-8a4a53fcc877,00000000-0000-0000-0000-000000000001,eb2f365b-9ced-44b3-b2f8-d9530009bce6,63b3af32-7d91-4e8a-8d43-1dad4056fa44,ec503971-f977-4012-b3c3-c9b002427903,219.6,pos,2026-09-07,2026-09-09T06:05:00.048743+00:00,
5e7a17c2-5b0f-4ead-a670-a7e5535cf9df,00000000-0000-0000-0000-000000000001,616fbaa0-e278-4a0e-a00f-75488ae81103,6251c3b5-073a-4796-bad6-2f60172f39f9,a648d9b0-19fe-4e60-a96e-a1ad21d73dd8,216.96,pos,2026-09-07,2026-09-09T06:05:00.048743+00:00,
77e107b9-22b5-4029-9d50-e9170608ad89,00000000-0000-0000-0000-000000000001,e2a932fb-e235-4408-9885-27faa5c6c59e,96edcd1e-f9d7-4678-a2b7-b7b576e8ec9f,95ef3161-95e0-42c8-95b8-393b53f13f70,63.67,pos,2026-09-07,2026-09-09T06:05:00.048743+00:00,
8942725c-7b8c-4caa-b81c-aa7456f63640,00000000-0000-0000-0000-000000000001,e2a932fb-e235-4408-9885-27faa5c6c59e,96edcd1e-f9d7-4678-a2b7-b7b576e8ec9f,b87d2c35-fba0-4a2d-b0fe-cddedf359690,812.6,pos,2026-09-07,2026-09-09T06:05:00.048743+00:00,
94fbccf2-24aa-4091-8e88-e39e001bc1cd,00000000-0000-0000-0000-000000000001,7a10d19a-e9a9-40ff-8756-cdf2922b4ecb,843b8f9f-a16d-42fb-b9d9-02f5b517954b,16eb9d68-0df7-414e-b9a8-38f8f6794bfa,300.98,pos,2026-09-07,2026-09-09T06:05:00.048743+00:00,
c38dc4ff-cf4b-4994-a0fa-ba8bfd7ada20,00000000-0000-0000-0000-000000000001,2586b606-7590-4291-9bfa-5e444ae9f39a,8b5dc346-3081-4786-9c17-de4151e03db0,89b79b65-8d5d-42b4-99e2-0e0ed6748906,308.8,pos,2026-09-07,2026-09-09T06:05:00.048743+00:00,
d4e559d2-ee08-4166-aea1-cc1020ec3c65,00000000-0000-0000-0000-000000000001,07707b83-6926-48aa-8e4b-3cbad733902c,4e7ceaa2-79b8-4907-9328-4e9fa0f8eec1,8f1d2e21-8ca6-4046-ad2c-34c67ab160e1,90.4,pos,2026-09-07,2026-09-09T06:05:00.048743+00:00,
d55e6c89-e145-4695-8dbc-cd78ff51a6ff,00000000-0000-0000-0000-000000000001,07707b83-6926-48aa-8e4b-3cbad733902c,4e7ceaa2-79b8-4907-9328-4e9fa0f8eec1,385354fd-512c-4c6f-aa5e-3360b74cfa6b,832.8,pos,2026-09-07,2026-09-09T06:05:00.048743+00:00,
e4d6d76a-6c09-4e18-81d6-f439e617604d,00000000-0000-0000-0000-000000000001,7a10d19a-e9a9-40ff-8756-cdf2922b4ecb,843b8f9f-a16d-42fb-b9d9-02f5b517954b,7be3c233-e9ea-49ec-a40c-565c34a8766a,308.59,pos,2026-09-07,2026-09-09T06:05:00.048743+00:00,
f1aa842a-f423-4f8e-ab77-47a429eb7378,00000000-0000-0000-0000-000000000001,0cddaf17-8c1d-49e5-ac57-560dee87c4c2,afc8d2a9-9960-46c4-a97a-fc985fc1942a,d03e833d-ba03-4358-9022-d7048cabeaae,114.26,pos,2026-09-07,2026-09-09T06:05:00.048743+00:00,
f24997a9-95d5-4469-ac45-704b1ced495c,00000000-0000-0000-0000-000000000001,eb2f365b-9ced-44b3-b2f8-d9530009bce6,63b3af32-7d91-4e8a-8d43-1dad4056fa44,0858798e-7dd7-4d2e-8e72-e3718818bdc2,356.52,pos,2026-09-07,2026-09-09T06:05:00.048743+00:00,
030a9ad2-1f53-474a-abf3-9fb63481f841,00000000-0000-0000-0000-000000000001,f1d08968-1b70-4a2e-a540-3cf37796e2d4,b8e1a89c-605b-4de9-9662-683a28b72760,d5e731e0-a533-4c71-b9cc-4f880b69a2b2,452.58,pos,2026-09-08,2026-09-10T06:05:00.090606+00:00,
049744c9-c8b7-4d3b-9666-0c24817377ee,00000000-0000-0000-0000-000000000001,825ae6e8-468a-41cd-9a3d-1f5562c2da11,1756352c-a95b-48c3-a7d8-6e0a8839190b,f39bef87-0406-4517-a049-f686f5875bfe,136.88,pos,2026-09-08,2026-09-10T06:05:00.090606+00:00,
1bd3d18b-0d5b-4e80-a2b7-0a11a3760090,00000000-0000-0000-0000-000000000001,825ae6e8-468a-41cd-9a3d-1f5562c2da11,1756352c-a95b-48c3-a7d8-6e0a8839190b,64bae467-d325-469b-80eb-fa235c34082b,38.77,pos,2026-09-08,2026-09-10T06:05:00.090606+00:00,
3072c2dd-e7f2-46c4-8db1-e2435246da42,00000000-0000-0000-0000-000000000001,c5bf5b4c-8794-442c-a9e5-904050378827,a3622573-0630-42d7-831d-85fc80c847c8,8e85d6f9-7a3b-4da3-969c-bc75dc213d55,536.94,pos,2026-09-08,2026-09-10T06:05:00.090606+00:00,
345b5f0e-7f80-434d-a84f-570ac2d92adb,00000000-0000-0000-0000-000000000001,4d403192-35d3-4ad7-9fa1-550b278fd47b,bfd518a6-3679-405c-9915-90038e932a63,4d50c130-6264-48eb-a8b4-e98cf3c28062,390.85,pos,2026-09-08,2026-09-10T06:05:00.090606+00:00,
3a240044-14dc-433b-a9c1-ee36319c6a6c,00000000-0000-0000-0000-000000000001,89209f55-b177-4992-b4b4-24f8aef9a1e8,57a7e78b-3046-4cf8-b3eb-2681ca945f26,e561f01a-3a69-4832-8faf-be676f45c8b7,382.23,pos,2026-09-08,2026-09-10T06:05:00.090606+00:00,
3ff99c4b-f991-48f6-a7b0-709841d7351c,00000000-0000-0000-0000-000000000001,40ee86aa-c068-4832-919c-9f6597c6238d,7cae92ec-556c-4155-abde-0f4ffcce2f22,6c41a4c2-1bbe-4667-982a-273d8d6a8eac,460.86,pos,2026-09-08,2026-09-10T06:05:00.090606+00:00,
64553061-0505-430e-9992-7b5cd59a5f63,00000000-0000-0000-0000-000000000001,f1d08968-1b70-4a2e-a540-3cf37796e2d4,b8e1a89c-605b-4de9-9662-683a28b72760,887d7e80-ed68-46f0-ac80-c3b8048fbba4,324.42,pos,2026-09-08,2026-09-10T06:05:00.090606+00:00,
79af9550-94fd-49be-9255-f813769de1d7,00000000-0000-0000-0000-000000000001,4d403192-35d3-4ad7-9fa1-550b278fd47b,bfd518a6-3679-405c-9915-90038e932a63,c9353331-0d34-4e67-bca9-b893a101c6f7,524.77,pos,2026-09-08,2026-09-10T06:05:00.090606+00:00,
a54f3413-5b38-4e8d-9906-25bedc2fbc7d,00000000-0000-0000-0000-000000000001,c5bf5b4c-8794-442c-a9e5-904050378827,a3622573-0630-42d7-831d-85fc80c847c8,5c83c4f5-a9b2-4ca9-83bc-33ba75a08e86,216.22,pos,2026-09-08,2026-09-10T06:05:00.090606+00:00,
ad30149e-ec00-48ff-921a-47c107d675d7,00000000-0000-0000-0000-000000000001,701b1964-aecc-4ce0-a222-ab71092d7e0a,4509cb59-38ab-481e-979d-5cf70bb1d535,94288b4e-ed22-4add-b922-39d67bce8c84,375.88,pos,2026-09-08,2026-09-10T06:05:00.090606+00:00,
bc9cafd3-07e7-4fd5-a0c5-6f271225176d,00000000-0000-0000-0000-000000000001,89209f55-b177-4992-b4b4-24f8aef9a1e8,57a7e78b-3046-4cf8-b3eb-2681ca945f26,a792e103-1eda-4a9f-89e7-7a85dd17ed2e,95.23,pos,2026-09-08,2026-09-10T06:05:00.090606+00:00,
c44b9d15-55dc-4b5c-8fa6-5a8644301aad,00000000-0000-0000-0000-000000000001,40ee86aa-c068-4832-919c-9f6597c6238d,7cae92ec-556c-4155-abde-0f4ffcce2f22,703b6c83-fea7-4af0-b884-1df11efb43dc,412,pos,2026-09-08,2026-09-10T06:05:00.090606+00:00,
426c46df-12ef-42f7-9d35-9da5369e6f5f,00000000-0000-0000-0000-000000000001,7127e465-c970-4743-8a6b-f33eb1684d73,36c30e75-3b11-4641-92a7-f9352d3f0804,8bf0bb0b-3a51-43aa-85ca-7cba98e085ce,700.27,pos,2026-09-09,2026-09-11T06:05:00.096954+00:00,
42a137fb-9638-4be1-b7c4-48fa32967cb9,00000000-0000-0000-0000-000000000001,7dc437a7-ebb2-4b63-83d0-64cf74d8ac7f,49f2359d-bd4d-4bcf-b868-47c0e96b63f8,9f6a34bf-159a-4fa5-b06f-984b241d3971,189.39,pos,2026-09-09,2026-09-11T06:05:00.096954+00:00,
55eb76f5-73be-410f-ba5b-f744bd2a7ac5,00000000-0000-0000-0000-000000000001,f8d08a97-c95e-40b3-b3f5-5b16f8c1301e,5480e4bd-5da8-4ab0-8a49-4d6e99157e12,62ca241f-25bc-4713-9585-559002680241,1100.6,pos,2026-09-09,2026-09-11T06:05:00.096954+00:00,
5675612e-3226-4ab1-82b5-32ecd83258ec,00000000-0000-0000-0000-000000000001,783bec5a-d571-4a9c-9203-fb8a42e0f877,d3e017cf-8017-4729-a344-4171b318b455,86746299-207f-47b9-9c6e-d65d9d2f0d7a,185.9,pos,2026-09-09,2026-09-11T06:05:00.096954+00:00,
77dad57a-5005-4882-9b2d-bd2da0239940,00000000-0000-0000-0000-000000000001,970190ac-cd17-44b9-a75d-ea726cd341c4,138af94c-4945-4753-9fcb-46d1c3e51885,b57584c4-4860-493d-a836-fe7acc594427,28.56,pos,2026-09-09,2026-09-11T06:05:00.096954+00:00,
81fbd0ab-ded9-4a27-8574-0b382f6ddaff,00000000-0000-0000-0000-000000000001,7dc437a7-ebb2-4b63-83d0-64cf74d8ac7f,49f2359d-bd4d-4bcf-b868-47c0e96b63f8,f5710148-2dcf-4206-8d79-20318ef485c2,33.05,pos,2026-09-09,2026-09-10T06:05:00.090606+00:00,
8283734b-e726-4f5b-a9be-43c38c67b2e5,00000000-0000-0000-0000-000000000001,783bec5a-d571-4a9c-9203-fb8a42e0f877,8a3edf50-a7a3-4072-90b0-4d2350e4b91e,a4b32008-31ca-4fd5-b994-00597586101c,76,pos,2026-09-09,2026-09-11T06:05:00.096954+00:00,
9c985975-2a90-4af9-acb7-f531bbe8e521,00000000-0000-0000-0000-000000000001,7dc437a7-ebb2-4b63-83d0-64cf74d8ac7f,49f2359d-bd4d-4bcf-b868-47c0e96b63f8,b38a9cde-7d9a-4d0a-9a7e-aced57d378d1,634.66,pos,2026-09-09,2026-09-11T06:05:00.096954+00:00,
a0f9da6b-4f49-4984-a009-e3195d357318,00000000-0000-0000-0000-000000000001,82362e6b-976a-4a99-8a31-7f6888b13e08,08df591c-24fc-4307-9f71-341fdff24274,f9334cdf-fdae-4260-9376-dc40f6d39c0f,35.69,pos,2026-09-09,2026-09-11T06:05:00.096954+00:00,
a43b75ed-2d67-42aa-ad8a-c32e12bd2be9,00000000-0000-0000-0000-000000000001,82362e6b-976a-4a99-8a31-7f6888b13e08,08df591c-24fc-4307-9f71-341fdff24274,c44a770b-ae81-4c4f-8174-4e3609727e10,617.14,pos,2026-09-09,2026-09-11T06:05:00.096954+00:00,
aedfc8a3-6a95-42c0-a69a-bc4babd5592a,00000000-0000-0000-0000-000000000001,a759aba0-9a46-48d2-8fc0-b7cfd45a88ff,6395fe45-4b89-4da1-b4c6-8db6895d4b13,03b9b7c2-0e56-432a-abfe-0a606a671cc5,307.97,pos,2026-09-09,2026-09-11T06:05:00.096954+00:00,
c5facabf-329a-4afd-8792-19ecdceea683,00000000-0000-0000-0000-000000000001,970190ac-cd17-44b9-a75d-ea726cd341c4,138af94c-4945-4753-9fcb-46d1c3e51885,88c83cef-4d83-4791-91de-4ca0b78f115e,383.12,pos,2026-09-09,2026-09-11T06:05:00.096954+00:00,
d13c6bf3-7c9b-411d-836f-8d5b8d45b796,00000000-0000-0000-0000-000000000001,783bec5a-d571-4a9c-9203-fb8a42e0f877,d3e017cf-8017-4729-a344-4171b318b455,ac6f30cd-6ae3-430d-b45d-abfeb929b7b1,829.93,pos,2026-09-09,2026-09-11T06:05:00.096954+00:00,
d3f31cbe-3fe2-4b25-8d96-3ddfaa43e592,00000000-0000-0000-0000-000000000001,a759aba0-9a46-48d2-8fc0-b7cfd45a88ff,6395fe45-4b89-4da1-b4c6-8db6895d4b13,50ef28c6-a914-4008-8601-881f757842b5,99.31,pos,2026-09-09,2026-09-11T06:05:00.096954+00:00,
f859fcb1-e715-4d27-99a5-dc18a6f7c7ea,00000000-0000-0000-0000-000000000001,f8d08a97-c95e-40b3-b3f5-5b16f8c1301e,5480e4bd-5da8-4ab0-8a49-4d6e99157e12,28568c35-01cf-49dd-a30d-4c8aa6772ae0,215.4,pos,2026-09-09,2026-09-11T06:05:00.096954+00:00,
f9e85a02-857f-471e-bc81-ce4ece9eacae,00000000-0000-0000-0000-000000000001,7127e465-c970-4743-8a6b-f33eb1684d73,36c30e75-3b11-4641-92a7-f9352d3f0804,1a7c79af-9300-460f-b051-7d8cd1cea3a6,68.21,pos,2026-09-09,2026-09-11T06:05:00.096954+00:00,
247a57f3-5f09-4c84-9df5-9a57eb1027f3,00000000-0000-0000-0000-000000000001,6d207929-d1af-4960-a3b2-88c0a2560c71,951df32d-3d78-4395-b915-0080817626f2,709c514e-550e-4ff9-be50-5adcafcd391d,1607,pos,2026-09-10,2026-09-12T06:05:00.081444+00:00,
51bce076-0d24-477c-b8ec-432f66cf2781,00000000-0000-0000-0000-000000000001,b5346a86-33ce-46c4-9c42-66e666ebd0c0,00879bed-0f7f-440d-9700-306d8340bc3c,422bcbe0-6ebe-41dd-a3d6-fd1ae60a014a,645.67,pos,2026-09-10,2026-09-12T06:05:00.081444+00:00,
74b8170c-0b27-4c12-9564-94930404d905,00000000-0000-0000-0000-000000000001,84d06308-2021-45dd-b8fc-11b184442fce,09d5183b-d368-42e8-afbc-391533a0ef12,55a85044-249c-4c35-96e1-e84eab94441a,190.07,pos,2026-09-10,2026-09-12T06:05:00.081444+00:00,
9b7c41cd-fa06-4886-8012-882e4a0b7d4f,00000000-0000-0000-0000-000000000001,db842200-be45-480b-ac4c-225172891043,2de8671c-61c6-4abd-a182-8a926dfd61f2,78e5b0f2-ffde-4ed9-9e91-995e3b027747,752.66,pos,2026-09-10,2026-09-12T06:05:00.081444+00:00,
a0042b22-e1fd-41b7-b24f-7edb6690765f,00000000-0000-0000-0000-000000000001,9c06550f-903b-42ac-bfc6-9b295983c1c8,47478625-feff-46b9-8e45-c7dc5177e17e,4a26375a-085e-45d8-bec2-d17d875ea0ef,647,pos,2026-09-10,2026-09-12T06:05:00.081444+00:00,
a1e07eb3-697c-45a2-83c2-03c1ed92688c,00000000-0000-0000-0000-000000000001,6d207929-d1af-4960-a3b2-88c0a2560c71,951df32d-3d78-4395-b915-0080817626f2,fd948079-1a50-4e52-8e71-7ef9415d3843,561.6,pos,2026-09-10,2026-09-12T06:05:00.081444+00:00,
acb30a1a-b243-412a-98ad-22a8dee698d6,00000000-0000-0000-0000-000000000001,af8044fe-8321-418b-a012-620d16b70f9b,3f3024fa-5106-4df7-9bc2-c8146c46b154,fc4718c5-8f1f-41b1-8a77-311f5df8e416,1268.39,pos,2026-09-10,2026-09-12T06:05:00.081444+00:00,
b521a485-1ef0-423f-a47e-8c5a36dd90f9,00000000-0000-0000-0000-000000000001,84d06308-2021-45dd-b8fc-11b184442fce,09d5183b-d368-42e8-afbc-391533a0ef12,1dd431e2-73ce-46d3-92e8-3cb03c6acf60,247.16,pos,2026-09-10,2026-09-12T06:05:00.081444+00:00,
c77472e5-c48d-4f57-8b79-43eed5ca8f8a,00000000-0000-0000-0000-000000000001,f7c21e50-472c-4c5b-aaf9-66fa3494d584,977822be-6a58-4e65-8174-6e66539d0c2a,dc698869-a390-46c5-9bce-7e76af6dbf91,78.55,pos,2026-09-10,2026-09-12T06:05:00.081444+00:00,
d802c9b2-7ab3-4290-8d26-a7506ad03f44,00000000-0000-0000-0000-000000000001,b5346a86-33ce-46c4-9c42-66e666ebd0c0,00879bed-0f7f-440d-9700-306d8340bc3c,a4edebe0-8480-45ab-b43b-ce17765a3b9f,88.38,pos,2026-09-10,2026-09-12T06:05:00.081444+00:00,
f00feee9-aa07-4f90-be90-02b78f028ae8,00000000-0000-0000-0000-000000000001,af8044fe-8321-418b-a012-620d16b70f9b,3f3024fa-5106-4df7-9bc2-c8146c46b154,fa672423-bac9-45af-a736-4ac26ea3b76f,62.59,pos,2026-09-10,2026-09-12T06:05:00.081444+00:00,
f71ad783-2d14-416f-ade8-c1d9ef08c6fe,00000000-0000-0000-0000-000000000001,db842200-be45-480b-ac4c-225172891043,2de8671c-61c6-4abd-a182-8a926dfd61f2,e09794ac-50cd-4163-99e5-3f215c1c8f8d,10.23,pos,2026-09-10,2026-09-12T06:05:00.081444+00:00,
fce010e9-8e6c-4cd2-a7e0-e64bf4c98081,00000000-0000-0000-0000-000000000001,f7c21e50-472c-4c5b-aaf9-66fa3494d584,977822be-6a58-4e65-8174-6e66539d0c2a,43a37497-3a19-4cab-8734-1fc43f0bee79,298.84,pos,2026-09-10,2026-09-12T06:05:00.081444+00:00,
058454eb-c543-4b07-bef3-3c85a2bd8f80,00000000-0000-0000-0000-000000000001,8823c326-ae06-4c9a-876f-c4a1211c36fe,b6c06325-27e6-4169-9eb5-5737583efb00,0a624ccd-5aaf-474e-a286-f06fcd349c02,153.9,pos,2026-09-11,2026-09-14T06:05:00.032784+00:00,
0a6e17c8-e17b-4691-bc3a-b1df1393ed9d,00000000-0000-0000-0000-000000000001,3be44ffd-9fd6-45af-9914-8d89cca468f9,39304a2b-44bf-48a3-9c60-e4cdb9139b18,ea90eaed-4786-4aa7-a7f8-fef08b648c5f,80.3,pos,2026-09-11,2026-09-15T06:05:00.069006+00:00,
2a294c9b-d97a-49b9-b056-4e3aa1c9749b,00000000-0000-0000-0000-000000000001,a88f1a75-c7b9-4882-9e6e-8ee8e906292e,37c36bbf-dfe2-4b12-9350-6c381d830681,70da2924-40c0-4fa6-8fd8-b15c8f0a46fc,1028.11,pos,2026-09-11,2026-09-15T06:05:00.069006+00:00,
3c31a032-1100-4713-9a2d-5c19d5e19a45,00000000-0000-0000-0000-000000000001,8823c326-ae06-4c9a-876f-c4a1211c36fe,b6c06325-27e6-4169-9eb5-5737583efb00,8a2489a7-4d19-4b33-99ae-22b467508718,618.17,pos,2026-09-11,2026-09-15T06:05:00.069006+00:00,
3c6fc6bd-0a41-4eb5-9416-7e347cc087a1,00000000-0000-0000-0000-000000000001,d58e71e8-b7c2-42b1-81fb-0b096f3b1f82,e17be146-683a-4410-b381-d108b1795799,1901265b-582b-469d-808c-2a2b77426c61,68.15,pos,2026-09-11,2026-09-15T06:05:00.069006+00:00,
61eb8c82-e858-4ef4-838d-0400d2010efa,00000000-0000-0000-0000-000000000001,3be44ffd-9fd6-45af-9914-8d89cca468f9,39304a2b-44bf-48a3-9c60-e4cdb9139b18,230d1657-b07a-42ed-9744-5fee157eb86f,88,pos,2026-09-11,2026-09-14T06:05:00.032784+00:00,
954f63b2-589e-425d-af7d-e306cc4fb954,00000000-0000-0000-0000-000000000001,5df25d97-ec52-49eb-a7de-aeea038e6857,0eca9d5a-7a90-42ea-b307-1f3b8df20c32,a842c0a5-595d-4585-84eb-48482196ca54,186.31,pos,2026-09-11,2026-09-15T06:05:00.069006+00:00,
a3ac3c56-01bd-4f10-8520-f219d5d08de1,00000000-0000-0000-0000-000000000001,d58e71e8-b7c2-42b1-81fb-0b096f3b1f82,e17be146-683a-4410-b381-d108b1795799,56bb3a0b-31d2-44be-bf1e-70cfd892c7d3,809.87,pos,2026-09-11,2026-09-15T06:05:00.069006+00:00,
a51cc017-cf04-45eb-a7f2-daabdd375964,00000000-0000-0000-0000-000000000001,6cf06ae8-9a81-4773-bdee-c30ec0662e5c,48146981-bef4-4452-8d4e-1fb5b4b3a403,fef881bb-a45c-4ca2-8c86-db433f688a81,581.03,pos,2026-09-11,2026-09-15T06:05:00.069006+00:00,
b13fef43-ca31-405c-bd7e-8a5500426b3f,00000000-0000-0000-0000-000000000001,a88f1a75-c7b9-4882-9e6e-8ee8e906292e,37c36bbf-dfe2-4b12-9350-6c381d830681,c46ec058-39c1-4bfd-9b9d-acbb8b714c5f,440.13,pos,2026-09-11,2026-09-15T06:05:00.069006+00:00,
be8c23fc-4916-49cd-85ef-3802bbd61d3a,00000000-0000-0000-0000-000000000001,6cf06ae8-9a81-4773-bdee-c30ec0662e5c,48146981-bef4-4452-8d4e-1fb5b4b3a403,39c994fb-f767-4278-98c0-98641dfa2114,790.22,pos,2026-09-11,2026-09-15T06:05:00.069006+00:00,
bf27e6d2-c569-4156-b7a1-1a200260caf4,00000000-0000-0000-0000-000000000001,8823c326-ae06-4c9a-876f-c4a1211c36fe,b6c06325-27e6-4169-9eb5-5737583efb00,33a2b2eb-5923-4fb4-b55b-fdf002f24e93,116.71,pos,2026-09-11,2026-09-15T06:05:00.069006+00:00,
c8c6c8fb-5540-4471-9d0e-bebe2ae3c7dd,00000000-0000-0000-0000-000000000001,9d73a603-0f74-446f-a56e-3814c15ff426,5495ab28-a443-4d19-b0a1-0343317a7466,76d8449b-a59a-4cda-8649-633ebd932cd6,232.52,pos,2026-09-11,2026-09-15T06:05:00.069006+00:00,
eebd12e1-b4e0-4361-b2f9-720e34b077eb,00000000-0000-0000-0000-000000000001,5df25d97-ec52-49eb-a7de-aeea038e6857,0eca9d5a-7a90-42ea-b307-1f3b8df20c32,2d78605b-3e4f-4daf-bd96-c3600b8d56c6,890.13,pos,2026-09-11,2026-09-15T06:05:00.069006+00:00,
f4a8eaeb-316f-4b24-80a6-9a98436f5b50,00000000-0000-0000-0000-000000000001,9d73a603-0f74-446f-a56e-3814c15ff426,5495ab28-a443-4d19-b0a1-0343317a7466,76263d9f-f4fc-4486-8109-98194b6a5546,925.26,pos,2026-09-11,2026-09-15T06:05:00.069006+00:00,
f537e354-65b7-45b7-afbd-2137e97c988b,00000000-0000-0000-0000-000000000001,3be44ffd-9fd6-45af-9914-8d89cca468f9,39304a2b-44bf-48a3-9c60-e4cdb9139b18,e94ddb06-7893-404f-83aa-c0253bdd0b52,965.2,pos,2026-09-11,2026-09-15T06:05:00.069006+00:00,
1198a343-c24f-4ba5-90df-74414121e8c5,00000000-0000-0000-0000-000000000001,5d5bc912-33f1-4796-b1e6-9cf3d2183280,108c033b-58b5-4949-b311-700f174d7941,2244aacb-e6d5-42da-9b21-13936401d0cb,3351.47,pos,2026-09-12,2026-09-15T06:05:00.069006+00:00,
1880aa4c-e980-4bd2-b3c7-b2926e151777,00000000-0000-0000-0000-000000000001,9c2cbc58-a1dc-4fc6-b30e-6d0a3670e0ad,7a833df8-3794-4953-84a4-8c0b44a6f89f,c81eff1f-7a26-47d7-b098-412d11b357d9,249.24,pos,2026-09-12,2026-09-15T06:05:00.069006+00:00,
18c1b8be-f728-48a3-9ec4-7d1eb1a41eaa,00000000-0000-0000-0000-000000000001,5d5bc912-33f1-4796-b1e6-9cf3d2183280,108c033b-58b5-4949-b311-700f174d7941,3c733ec1-fce0-42c0-914a-b309e5eeafca,436.81,pos,2026-09-12,2026-09-15T06:05:00.069006+00:00,
18da553d-8dc1-4c0e-9808-54c2eb3be4b5,00000000-0000-0000-0000-000000000001,3c9b23c7-c4da-473e-b41d-c784f2a9cc89,6746f657-e7e7-4ce9-9837-04b8bace77c6,add70539-9222-49e1-ace4-2a139a115b7c,68,pos,2026-09-12,2026-09-15T06:05:00.069006+00:00,
233fdccc-15f0-4924-aade-b23f3388e299,00000000-0000-0000-0000-000000000001,3c9b23c7-c4da-473e-b41d-c784f2a9cc89,1ebb1e79-f485-4f54-9d87-56afd5bd07f8,0d97ed41-b2ae-42f5-b193-fed08be7ac49,658.08,pos,2026-09-12,2026-09-15T06:05:00.069006+00:00,
2546cc51-709c-4488-9765-52a2b6eb7d5f,00000000-0000-0000-0000-000000000001,3c9b23c7-c4da-473e-b41d-c784f2a9cc89,1ebb1e79-f485-4f54-9d87-56afd5bd07f8,6241515a-8ed9-49e1-821b-af33d13d6317,1571.93,pos,2026-09-12,2026-09-15T06:05:00.069006+00:00,
26e65dae-5e59-4c84-88cf-63be7054bc8c,00000000-0000-0000-0000-000000000001,9d67499b-0cfc-4b0e-b4e1-a2c9e889b3d9,ac429a76-b185-461c-ab98-74c2f755910d,00bd4edf-d313-421d-a667-22fb4c2b208a,1792.18,pos,2026-09-12,2026-09-15T06:05:00.069006+00:00,
64a9c083-0528-4ed6-90c0-f99cc0b1a505,00000000-0000-0000-0000-000000000001,3c9b23c7-c4da-473e-b41d-c784f2a9cc89,6746f657-e7e7-4ce9-9837-04b8bace77c6,352afbbf-3923-4e0f-a391-5787697350c5,375.2,pos,2026-09-12,2026-09-15T06:05:00.069006+00:00,
69438a66-d273-47a9-8a85-4acb0618b017,00000000-0000-0000-0000-000000000001,9c2cbc58-a1dc-4fc6-b30e-6d0a3670e0ad,a5c28484-d91b-4abd-8713-8769851d38c2,03336531-f15e-4b85-a4b7-16b01e8630d0,2129.55,pos,2026-09-12,2026-09-15T06:05:00.069006+00:00,
6c0b2920-9b68-4895-bb73-fa8c626452b7,00000000-0000-0000-0000-000000000001,9c2cbc58-a1dc-4fc6-b30e-6d0a3670e0ad,a5c28484-d91b-4abd-8713-8769851d38c2,a4fc32c1-cde1-4721-88c3-ff80a8daa236,117.42,pos,2026-09-12,2026-09-15T06:05:00.069006+00:00,
76bd4844-730e-437f-9e23-2259379b968d,00000000-0000-0000-0000-000000000001,80eab7cb-de73-4066-9188-cff790cf8213,1bc91038-b65a-4231-b0cc-8b9e2ad78792,ee1b8683-d643-4c1f-ac57-5a534c7d5633,635.08,pos,2026-09-12,2026-09-15T06:05:00.069006+00:00,
8e9b7734-72be-4144-8a7b-11db144d0fa5,00000000-0000-0000-0000-000000000001,ce38c431-fea3-43c1-9ca8-6050a0a90bdc,ac18f408-85fb-4852-9216-d6803b4b02cf,4e8321ae-4c6e-475a-94d9-6e7489fa9b06,421.26,pos,2026-09-12,2026-09-15T06:05:00.069006+00:00,
8f89aa74-fce4-4577-ae1f-2c732e334ac5,00000000-0000-0000-0000-000000000001,ce38c431-fea3-43c1-9ca8-6050a0a90bdc,ac18f408-85fb-4852-9216-d6803b4b02cf,bc6b2e4f-4cde-4781-ace9-f3f40126a33a,2145.13,pos,2026-09-12,2026-09-15T06:05:00.069006+00:00,
a488685a-e6e3-4201-a607-f676f350359b,00000000-0000-0000-0000-000000000001,80eab7cb-de73-4066-9188-cff790cf8213,1bc91038-b65a-4231-b0cc-8b9e2ad78792,7f6e0376-6bf6-436f-a1e2-1521db0830bb,2054.48,pos,2026-09-12,2026-09-15T06:05:00.069006+00:00,
d100d143-ac23-4aaa-b309-8dc677df4b72,00000000-0000-0000-0000-000000000001,7ab11c73-e9d3-4530-8d23-bc36c3277214,a4f1e317-d586-4148-8cc5-c25422cdf8bc,23907ea5-47da-485d-a4a0-308b383fa3c7,891.43,pos,2026-09-12,2026-09-15T06:05:00.069006+00:00,
d9bd69e6-f335-40a2-881b-c06bf80ec173,00000000-0000-0000-0000-000000000001,9d67499b-0cfc-4b0e-b4e1-a2c9e889b3d9,ac429a76-b185-461c-ab98-74c2f755910d,9b92ff5c-ddd8-4a90-9a53-af6d339bf534,1037.74,pos,2026-09-12,2026-09-15T06:05:00.069006+00:00,
df00e272-764e-4855-977a-596b708879eb,00000000-0000-0000-0000-000000000001,9c2cbc58-a1dc-4fc6-b30e-6d0a3670e0ad,7a833df8-3794-4953-84a4-8c0b44a6f89f,e02423d0-01cf-4b16-bf8d-fead8a8267f8,31.61,pos,2026-09-12,2026-09-15T06:05:00.069006+00:00,
f4612838-6b70-4ec6-8b28-17a432a84243,00000000-0000-0000-0000-000000000001,7ab11c73-e9d3-4530-8d23-bc36c3277214,a4f1e317-d586-4148-8cc5-c25422cdf8bc,795c9c1d-4707-4d91-9a6b-dc99e1380f51,2370.22,pos,2026-09-12,2026-09-15T06:05:00.069006+00:00,
10cdc008-5da0-40be-942d-b06a18ba6f11,00000000-0000-0000-0000-000000000001,e4493a9b-0329-4612-bdc9-dea6c267c4ff,474c0243-ead9-45d5-8470-d258183f992a,f900b7ce-8a53-4754-b37d-570411817383,124,pos,2026-09-13,2026-09-15T06:05:00.069006+00:00,
227a2dae-ea5c-489e-a80c-ba6224681ad2,00000000-0000-0000-0000-000000000001,e4493a9b-0329-4612-bdc9-dea6c267c4ff,474c0243-ead9-45d5-8470-d258183f992a,246eb740-9e98-45aa-8922-1415ed516327,168.8,pos,2026-09-13,2026-09-15T06:05:00.069006+00:00,
310d3f77-2570-4d49-a9e4-9c2dbc25628e,00000000-0000-0000-0000-000000000001,23f92e96-b524-499c-89b3-de5fa51d8c18,4339678b-9e51-4983-b043-5e63032e7a21,cd462493-3529-4949-a26a-32f6f2daeaee,214.9,pos,2026-09-13,2026-09-15T06:05:00.069006+00:00,
386f06cf-0fa3-4968-8099-690b382b764c,00000000-0000-0000-0000-000000000001,23f92e96-b524-499c-89b3-de5fa51d8c18,1745cef2-e979-4d03-89f4-92d58e87bc93,43a5b5fa-a204-4985-aaed-75caf8927dfc,25,amex,2026-09-13,2026-09-15T06:05:00.069006+00:00,
4481b5da-8c9a-40db-b4d2-93661071599d,00000000-0000-0000-0000-000000000001,e744f038-6106-4669-af61-deddd562c57d,79b0a88c-cdbd-44c2-9cf6-ae8ffef66229,e6e55e11-1b24-40c6-ace0-8f712c0fed52,941.53,pos,2026-09-13,2026-09-15T06:05:00.069006+00:00,
57a4d657-50b0-4c68-9906-7fd6cffeb011,00000000-0000-0000-0000-000000000001,1772de6e-a5d5-4db8-825d-e061954dcee2,6fa53f3e-c39d-4799-b429-c3c53ded65e9,2896e2cb-e3c5-43de-b1a2-d1663a1c9c0a,546.05,pos,2026-09-13,2026-09-15T06:05:00.069006+00:00,
5fa2fb8e-88c1-497f-a180-27a6a219cfd9,00000000-0000-0000-0000-000000000001,2b5e9753-e7f8-48b7-ae8a-491a0cebe36a,5043fcb7-8f67-446f-ac5d-f628d8ce4670,8085f019-2dda-4b72-8ff4-c552235ee696,1007.53,pos,2026-09-13,2026-09-15T06:05:00.069006+00:00,
793118dc-2808-4151-9c1b-94f500804f15,00000000-0000-0000-0000-000000000001,23f92e96-b524-499c-89b3-de5fa51d8c18,4339678b-9e51-4983-b043-5e63032e7a21,16756e41-f881-41e4-8406-e5b613fff6c3,17.9,pos,2026-09-13,2026-09-15T06:05:00.069006+00:00,
860dca9c-c9e1-4a07-a74d-5f5f2a92a1e1,00000000-0000-0000-0000-000000000001,1da7b030-2fbd-4bdc-a108-c386189297ae,3dfc465e-22a9-4112-90e6-b1d537241872,395dda27-266b-4894-b6b4-b0d1381c5751,2219.74,pos,2026-09-13,2026-09-15T06:05:00.069006+00:00,
8628cb73-5cf6-4141-b3c1-99a34313d16b,00000000-0000-0000-0000-000000000001,e744f038-6106-4669-af61-deddd562c57d,79b0a88c-cdbd-44c2-9cf6-ae8ffef66229,f0a919f2-cdb7-41cc-9871-a91e67a60b10,1562.81,pos,2026-09-13,2026-09-15T06:05:00.069006+00:00,
937b8dc4-0c64-48df-a109-29583bb48b1e,00000000-0000-0000-0000-000000000001,23f92e96-b524-499c-89b3-de5fa51d8c18,73139161-88b3-48b1-8eb0-d600a0406541,bf481a0d-dc79-4584-a9f2-5cb2c8199989,1555.35,pos,2026-09-13,2026-09-15T06:05:00.069006+00:00,
93842e71-65f6-4d71-96b9-1c11d6f9d43e,00000000-0000-0000-0000-000000000001,1da7b030-2fbd-4bdc-a108-c386189297ae,3dfc465e-22a9-4112-90e6-b1d537241872,22cea657-6a5c-4a58-9b91-60d68af89c3e,988.32,pos,2026-09-13,2026-09-15T06:05:00.069006+00:00,
9fe7fa16-d93c-4620-ac0b-8d661eedf1bb,00000000-0000-0000-0000-000000000001,e4493a9b-0329-4612-bdc9-dea6c267c4ff,5421387f-0012-4b78-ad9c-509a190bf1c0,7f15ea4d-0322-4eab-9826-00d17edced25,1703.73,pos,2026-09-13,2026-09-15T06:05:00.069006+00:00,
a307fbcc-a50c-4a07-822b-a9df36707741,00000000-0000-0000-0000-000000000001,268cb000-7c13-4f75-bdb6-94d0d90695e6,674c754f-d4c9-4b00-9728-5f6a3e856481,cc0dbc0a-cd78-4f64-abbe-19d72d2abe6e,1014.3,pos,2026-09-13,2026-09-15T06:05:00.069006+00:00,
a6028a02-013a-4e26-9c6e-ff9e28c1b87d,00000000-0000-0000-0000-000000000001,23f92e96-b524-499c-89b3-de5fa51d8c18,73139161-88b3-48b1-8eb0-d600a0406541,4e6f0b9d-1e06-4c0e-b443-1877262a8716,37.97,pos,2026-09-13,2026-09-15T06:05:00.069006+00:00,
b38a01b4-2bc9-4a48-b2f7-1d24abcec5c4,00000000-0000-0000-0000-000000000001,e4493a9b-0329-4612-bdc9-dea6c267c4ff,5421387f-0012-4b78-ad9c-509a190bf1c0,2ed161da-66e6-4212-be47-8f85ca89d70c,644.61,pos,2026-09-13,2026-09-15T06:05:00.069006+00:00,
c11892aa-7a2c-41ab-8284-f1976eeb499e,00000000-0000-0000-0000-000000000001,e4493a9b-0329-4612-bdc9-dea6c267c4ff,5421387f-0012-4b78-ad9c-509a190bf1c0,dd80a00a-c5d3-4929-95c9-5379e61f0b42,98.9,pos,2026-09-13,2026-09-14T06:05:00.032784+00:00,
d5b6f3be-35c8-4406-a09d-dbf6d4d66ee7,00000000-0000-0000-0000-000000000001,1772de6e-a5d5-4db8-825d-e061954dcee2,6fa53f3e-c39d-4799-b429-c3c53ded65e9,9393176d-77ad-43db-b8e2-362870c11fde,230.7,pos,2026-09-13,2026-09-14T06:05:00.032784+00:00,
da96e7c5-e60b-40c5-8fa6-c32caa9f29f8,00000000-0000-0000-0000-000000000001,268cb000-7c13-4f75-bdb6-94d0d90695e6,674c754f-d4c9-4b00-9728-5f6a3e856481,3ee355de-1060-43ac-8626-f41307009b02,2685.44,pos,2026-09-13,2026-09-15T06:05:00.069006+00:00,
f56e2aff-ddc3-44be-ad43-38c72e96db71,00000000-0000-0000-0000-000000000001,1772de6e-a5d5-4db8-825d-e061954dcee2,6fa53f3e-c39d-4799-b429-c3c53ded65e9,ae0688c1-35db-48a2-82d5-fa6f9f63aa4a,381.8,pos,2026-09-13,2026-09-15T06:05:00.069006+00:00,
fcd0a173-ca46-45ef-9ef5-e9fcf4ccdf00,00000000-0000-0000-0000-000000000001,2b5e9753-e7f8-48b7-ae8a-491a0cebe36a,5043fcb7-8f67-446f-ac5d-f628d8ce4670,5964c9fd-462f-4743-b342-093360dabafa,4325.86,pos,2026-09-13,2026-09-15T06:05:00.069006+00:00,
0790fa70-2eaf-471d-b122-e54a3acb1a93,00000000-0000-0000-0000-000000000001,ef21afb1-6fdb-4d72-bfa0-c1a4e812b068,7ae66ed8-ebdf-4d87-a910-2dc8e824a4d2,5a792969-ede2-491d-821d-50f3e3937c5d,234.2,pos,2026-09-14,2026-09-15T14:23:05.547989+00:00,
0a1ee990-45a0-4545-8cc6-461e409ca62c,00000000-0000-0000-0000-000000000001,6650b80b-d115-448c-8968-6f513e5e5619,50ce04a7-8136-4edf-965a-a70b4eb0d1a7,c167e311-dba1-48b0-a8a7-1ea121e86b55,786.27,pos,2026-09-14,2026-09-15T14:23:05.547989+00:00,
0f587725-e9ab-4c9d-a7b5-527a5dc60fcf,00000000-0000-0000-0000-000000000001,40792c12-1817-45e2-8215-527b827b015b,1676a455-ac48-49a7-abbb-951e66a70912,2a9500d1-9757-4e2d-9edf-437aff23c77c,520.75,pos,2026-09-14,2026-09-15T14:23:05.547989+00:00,
1b2e1992-f781-418b-9863-34b3f41c910f,00000000-0000-0000-0000-000000000001,1f9b3b2a-0733-4afd-8822-5664cd3b7edc,546e9069-7f7a-483f-a747-9b25116fd42a,acdfda24-8f5d-48d8-9455-4713fe5014b7,364.74,pos,2026-09-14,2026-09-15T14:23:05.547989+00:00,
204f9dfc-9269-44c2-82c9-b57167655039,00000000-0000-0000-0000-000000000001,53f4f9af-84ba-4a2f-8830-445c1727b2f2,7fb3cca0-8871-4e82-a320-93e408f508c5,4421760d-ca73-490a-9539-e22950320196,712.96,pos,2026-09-14,2026-09-15T14:23:05.547989+00:00,
2ec53f41-223a-4de7-a8cd-94211ad3e62f,00000000-0000-0000-0000-000000000001,e851dcc9-b2e7-49ba-a4e5-8f7cd8a1aec3,0f488d03-91ba-40a0-b3ab-f7d5983f9185,36aa0ee1-eba4-42c3-9e4d-f151d9cb9710,117.3,pos,2026-09-14,2026-09-15T14:23:05.547989+00:00,
4245b648-0dc1-4706-8a2c-cf401835b6b4,00000000-0000-0000-0000-000000000001,56239079-4f7a-49d4-9e3b-bee5fcd72732,8dfdc593-4fd8-498a-8af9-c2b48de4b11d,3628c2e1-ed2c-40c8-a3f1-087e3cc3f5aa,263.94,pos,2026-09-14,2026-09-15T14:23:05.547989+00:00,
63c9a5ff-4eea-4396-835b-df1f4abdbb8c,00000000-0000-0000-0000-000000000001,40792c12-1817-45e2-8215-527b827b015b,1676a455-ac48-49a7-abbb-951e66a70912,5549a301-4853-405c-b2f1-33f06cf72e57,74.07,pos,2026-09-14,2026-09-15T14:23:05.547989+00:00,
6c82329b-2a61-4382-a516-5dfb3452d4d5,00000000-0000-0000-0000-000000000001,53f4f9af-84ba-4a2f-8830-445c1727b2f2,7fb3cca0-8871-4e82-a320-93e408f508c5,54fdf57e-1fcc-4749-80ed-de1569df5fc3,287.3,pos,2026-09-14,2026-09-15T14:23:05.547989+00:00,
99dfe56f-220a-401a-b247-642e6f67b95c,00000000-0000-0000-0000-000000000001,e851dcc9-b2e7-49ba-a4e5-8f7cd8a1aec3,0f488d03-91ba-40a0-b3ab-f7d5983f9185,8547efd8-9f0e-4e8d-addb-32d3fabd0a73,355.2,pos,2026-09-14,2026-09-15T14:23:05.547989+00:00,
9f6b69e4-6080-4c4c-b515-0f2409785830,00000000-0000-0000-0000-000000000001,1f9b3b2a-0733-4afd-8822-5664cd3b7edc,546e9069-7f7a-483f-a747-9b25116fd42a,28315b71-e4f8-490c-8cec-6b32d78605a8,459.84,pos,2026-09-14,2026-09-15T14:23:05.547989+00:00,
ab637bf7-55dd-4771-a57f-70021a7508a3,00000000-0000-0000-0000-000000000001,53f4f9af-84ba-4a2f-8830-445c1727b2f2,7fb3cca0-8871-4e82-a320-93e408f508c5,4ffea475-bf00-4788-90a2-5d5222f6942d,287.28,pos,2026-09-14,2026-09-15T06:05:00.069006+00:00,
b5e33671-b0e4-4f49-a7c7-594617bcb5d0,00000000-0000-0000-0000-000000000001,56239079-4f7a-49d4-9e3b-bee5fcd72732,8dfdc593-4fd8-498a-8af9-c2b48de4b11d,a08012e2-ffcc-418e-9110-093fa09fa3c0,273.9,pos,2026-09-14,2026-09-15T06:05:00.069006+00:00,
bb066501-d295-4d9e-b24c-d6432d315374,00000000-0000-0000-0000-000000000001,56239079-4f7a-49d4-9e3b-bee5fcd72732,8dfdc593-4fd8-498a-8af9-c2b48de4b11d,3e1010f0-48ce-4e2b-a583-40e779e6ed69,651.71,pos,2026-09-14,2026-09-15T14:23:05.547989+00:00,
be245d6d-634f-49c5-b673-4d496402ddc2,00000000-0000-0000-0000-000000000001,6650b80b-d115-448c-8968-6f513e5e5619,50ce04a7-8136-4edf-965a-a70b4eb0d1a7,0f2e8333-1dc0-43ff-8041-aec0cbd8be23,150.61,pos,2026-09-14,2026-09-15T14:23:05.547989+00:00,
