id,transaction_date,amount,is_reconciled,reconciled_at,category,descrizione,note
05fe3b4a-edb8-4545-bbc3-def9c59b46d8,2026-09-02,58,True,2026-09-03T10:29:00.312641+00:00,incassi_pos,Accredito per incassi 02.09.2026 VICOLO c/o FRANCIACORTA 618108700006 American E,chiuso automaticamente (entrata: incassi_pos) | abbinato a chiusura cassa del 01/09/2026
0dc796b0-1595-4877-8218-bb908075fc77,2026-09-02,295.83,True,2026-09-03T10:29:00.312641+00:00,incassi_pos,Causale: INCASSO TRAMITE P.O.S. - Descrizione: ACCREDITO POS - COD.SIA:6181087-0,chiuso automaticamente (entrata: incassi_pos) | abbinato a chiusura cassa del 01/09/2026
2e33f4f8-5820-4c20-87ee-046b4aae9c16,2026-09-02,811.61,True,2026-09-03T10:29:00.312641+00:00,incassi_pos,Causale: INCASSO TRAMITE P.O.S. - Descrizione: ACCREDITO POS - COD.SIA:6181087-0,chiuso automaticamente (entrata: incassi_pos) | abbinato a chiusura cassa del 01/09/2026
3ea48a4e-54c9-4906-8472-c1ee119ea207,2026-09-02,177.55,True,2026-09-03T10:29:00.312641+00:00,incassi_pos,Causale: INCASSO TRAMITE P.O.S. - Descrizione: ACCREDITO POS - COD.SIA:6181087-0,chiuso automaticamente (entrata: incassi_pos) | abbinato a chiusura cassa del 01/09/2026
4cafc1d7-da2e-4c07-9c0c-0354fdc530ac,2026-09-02,444.37,True,2026-09-03T10:29:00.312641+00:00,incassi_pos,Causale: INCASSO TRAMITE P.O.S. - Descrizione: ACCREDITO POS - COD.SIA:6181087-0,chiuso automaticamente (entrata: incassi_pos) | abbinato a chiusura cassa del 01/09/2026
4df98d5d-0a1e-4414-8957-5012a6599dc7,2026-09-02,451.99,True,2026-09-03T10:29:00.312641+00:00,incassi_pos,Causale: INCASSO TRAMITE P.O.S. - Descrizione: ACCREDITO POS - COD.SIA:6181087-0,chiuso automaticamente (entrata: incassi_pos) | abbinato a chiusura cassa del 01/09/2026
57fbb576-1400-419d-a26a-a2f50cdaa5d3,2026-09-02,665.89,True,2026-09-03T10:29:00.312641+00:00,incassi_pos,Causale: INCASSO TRAMITE P.O.S. - Descrizione: ACCREDITO POS - COD.SIA:6181087-0,chiuso automaticamente (entrata: incassi_pos) | abbinato a chiusura cassa del 01/09/2026
5a4f2ea7-02ca-4043-b154-03e3b855f6b3,2026-09-02,850.97,True,2026-09-03T10:29:00.312641+00:00,incassi_pos,Causale: INCASSO TRAMITE P.O.S. - Descrizione: ACCREDITO POS - COD.SIA:6181087-0,chiuso automaticamente (entrata: incassi_pos) | abbinato a chiusura cassa del 01/09/2026
904efa26-9b60-402c-83ce-192c8762a769,2026-09-02,540.4,True,2026-09-03T10:29:00.312641+00:00,incassi_pos,Causale: INCASSO TRAMITE P.O.S. - Descrizione: ACCREDITO POS - COD.SIA:6181087-0,chiuso automaticamente (entrata: incassi_pos) | abbinato a chiusura cassa del 01/09/2026
938b684e-530a-41ce-bb3e-b198031a3d60,2026-09-02,149.07,True,2026-09-03T10:29:00.312641+00:00,incassi_pos,Causale: INCASSO TRAMITE P.O.S. - Descrizione: ACCREDITO POS - COD.SIA:6181087-0,chiuso automaticamente (entrata: incassi_pos) | abbinato a chiusura cassa del 01/09/2026
9c633062-7ff8-47a3-91c1-14ea7d985b2c,2026-09-02,239.65,True,2026-09-03T10:29:00.312641+00:00,incassi_pos,Causale: INCASSO TRAMITE P.O.S. - Descrizione: ACCREDITO POS - COD.SIA:6181087-0,chiuso automaticamente (entrata: incassi_pos) | abbinato a chiusura cassa del 01/09/2026
aa6488bb-928e-46a2-8b27-39609f302a23,2026-09-02,255.7,True,2026-09-03T10:29:00.312641+00:00,incassi_pos,Causale: INCASSO TRAMITE P.O.S. - Descrizione: ACCREDITO POS - COD.SIA:6181087-0,chiuso automaticamente (entrata: incassi_pos) | abbinato a chiusura cassa del 01/09/2026
b3e1eb9d-4579-4ece-aac6-b2d8f56703d0,2026-09-02,384.13,True,2026-09-03T10:29:00.312641+00:00,incassi_pos,Causale: INCASSO TRAMITE P.O.S. - Descrizione: ACCREDITO POS - COD.SIA:6181087-0,chiuso automaticamente (entrata: incassi_pos) | abbinato a chiusura cassa del 01/09/2026
b404e915-5c89-485f-a967-af1a51e526aa,2026-09-02,85.29,True,2026-09-03T10:29:00.312641+00:00,incassi_pos,Causale: INCASSO TRAMITE P.O.S. - Descrizione: ACCREDITO POS - COD.SIA:6181087-0,chiuso automaticamente (entrata: incassi_pos) | abbinato a chiusura cassa del 01/09/2026
e4509527-646b-4f03-9a78-2b630407eb23,2026-09-02,141.3,True,2026-09-03T10:29:00.312641+00:00,incassi_pos,Causale: INCASSO TRAMITE P.O.S. - Descrizione: ACCREDITO POS - COD.SIA:6181087-0,chiuso automaticamente (entrata: incassi_pos) | abbinato a chiusura cassa del 01/09/2026
e72c31e9-94a8-4c9b-b419-d24ef983fce5,2026-09-02,130.83,True,2026-09-03T10:29:00.312641+00:00,incassi_pos,Causale: INCASSO TRAMITE P.O.S. - Descrizione: ACCREDITO POS - COD.SIA:6181087-0,chiuso automaticamente (entrata: incassi_pos) | abbinato a chiusura cassa del 01/09/2026
12272573-1c39-40f3-bc69-3e6490a134ea,2026-09-03,45.23,True,2026-09-07T14:12:45.984948+00:00,incassi_pos,Causale: INCASSO TRAMITE P.O.S. - Descrizione: ACCREDITO POS - COD.SIA:6181087-0,abbinato a chiusura cassa del 02/09/2026
17629760-5739-49bc-b2fd-8c1d9d52ef2c,2026-09-03,102.79,True,2026-09-07T14:12:45.984948+00:00,incassi_pos,Causale: INCASSO TRAMITE P.O.S. - Descrizione: ACCREDITO POS - COD.SIA:6181087-0,abbinato a chiusura cassa del 02/09/2026
2b427223-1fab-4299-af13-965610fa405d,2026-09-03,854.83,True,2026-09-07T14:12:45.984948+00:00,incassi_pos,Causale: INCASSO TRAMITE P.O.S. - Descrizione: ACCREDITO POS - COD.SIA:6181087-0,abbinato a chiusura cassa del 02/09/2026
32aa5c19-7f12-475c-b1f5-f8888d62963f,2026-09-03,421.24,True,2026-09-07T14:12:45.984948+00:00,incassi_pos,Causale: INCASSO TRAMITE P.O.S. - Descrizione: ACCREDITO POS - COD.SIA:6181087-0,abbinato a chiusura cassa del 02/09/2026
48d6999d-29d4-4a6d-971b-4f0724bca533,2026-09-03,160.13,True,2026-09-07T14:12:45.984948+00:00,incassi_pos,Causale: INCASSO TRAMITE P.O.S. - Descrizione: ACCREDITO POS - COD.SIA:6181087-0,abbinato a chiusura cassa del 02/09/2026
51899ab9-3b2b-4c77-ab91-67e18f7f9cc6,2026-09-03,18,True,2026-09-03T10:29:00.312641+00:00,incassi_pos,Causale: INCASSO TRAMITE P.O.S. - Descrizione: ACCREDITO POS - COD.SIA:6181087-0,chiuso automaticamente (entrata: incassi_pos) | abbinato a chiusura cassa del 02/09/2026
6196e025-f96b-4707-b6bd-6a9e471db321,2026-09-03,290.52,True,2026-09-07T14:12:45.984948+00:00,incassi_pos,Causale: INCASSO TRAMITE P.O.S. - Descrizione: ACCREDITO POS - COD.SIA:6181087-0,abbinato a chiusura cassa del 02/09/2026
688c25d2-b42f-4121-8fd9-784b56d3d5b3,2026-09-03,387.9,True,2026-09-07T14:12:45.984948+00:00,incassi_pos,Causale: INCASSO TRAMITE P.O.S. - Descrizione: ACCREDITO POS - COD.SIA:6181087-0,abbinato a chiusura cassa del 02/09/2026
7811a62b-f4bb-4fc3-bc6e-55327764255e,2026-09-03,235.9,True,2026-09-07T14:12:45.984948+00:00,incassi_pos,Causale: INCASSO TRAMITE P.O.S. - Descrizione: ACCREDITO POS - COD.SIA:6181087-0,abbinato a chiusura cassa del 02/09/2026
9f72b413-fcc2-4086-8e98-5625477699ff,2026-09-03,884.4,True,2026-09-07T14:12:45.984948+00:00,incassi_pos,Causale: INCASSO TRAMITE P.O.S. - Descrizione: ACCREDITO POS - COD.SIA:6181087-0,abbinato a chiusura cassa del 02/09/2026
a07f58fb-71ed-4248-98b8-7bd6d47d2111,2026-09-03,109.86,True,2026-09-07T14:12:45.984948+00:00,incassi_pos,Causale: INCASSO TRAMITE P.O.S. - Descrizione: ACCREDITO POS - COD.SIA:6181087-0,abbinato a chiusura cassa del 02/09/2026
b3e6335b-551a-417c-b1ca-03f3f78d1361,2026-09-03,273.96,True,2026-09-07T14:12:45.984948+00:00,incassi_pos,Causale: INCASSO TRAMITE P.O.S. - Descrizione: ACCREDITO POS - COD.SIA:6181087-0,abbinato a chiusura cassa del 02/09/2026
d285a2a7-bb43-4de5-bdb0-f4418ec87c78,2026-09-03,139.3,True,2026-09-07T14:12:45.984948+00:00,incassi_pos,Causale: INCASSO TRAMITE P.O.S. - Descrizione: ACCREDITO POS - COD.SIA:6181087-0,abbinato a chiusura cassa del 02/09/2026
eed35a44-db9d-491a-9e01-3b3463d68980,2026-09-03,909.22,True,2026-09-07T14:12:45.984948+00:00,incassi_pos,Causale: INCASSO TRAMITE P.O.S. - Descrizione: ACCREDITO POS - COD.SIA:6181087-0,abbinato a chiusura cassa del 02/09/2026
feedd6f9-40c5-4594-862e-9067fab156c4,2026-09-03,706.49,True,2026-09-07T14:12:45.984948+00:00,incassi_pos,Causale: INCASSO TRAMITE P.O.S. - Descrizione: ACCREDITO POS - COD.SIA:6181087-0,abbinato a chiusura cassa del 02/09/2026
08049999-3413-4aed-be27-9a90b7e7f021,2026-09-04,836.6,True,2026-09-07T14:12:45.984948+00:00,incassi_pos,Causale: INCASSO TRAMITE P.O.S. - Descrizione: ACCREDITO POS - COD.SIA:6181087-0,abbinato a chiusura cassa del 03/09/2026
1e85bc4e-693e-4584-8d18-a69bed969fbf,2026-09-04,674.78,True,2026-09-07T14:12:45.984948+00:00,incassi_pos,Causale: INCASSO TRAMITE P.O.S. - Descrizione: ACCREDITO POS - COD.SIA:6181087-0,abbinato a chiusura cassa del 03/09/2026
38c657b2-67fb-4392-aa38-b24cca443a6d,2026-09-04,550.31,True,2026-09-07T14:12:45.984948+00:00,incassi_pos,Causale: INCASSO TRAMITE P.O.S. - Descrizione: ACCREDITO POS - COD.SIA:6181087-0,abbinato a chiusura cassa del 03/09/2026
4683d4fe-81f7-471e-a5d2-d78d1aa5534d,2026-09-04,779.29,True,2026-09-07T14:12:45.984948+00:00,incassi_pos,Causale: INCASSO TRAMITE P.O.S. - Descrizione: ACCREDITO POS - COD.SIA:6181087-0,abbinato a chiusura cassa del 03/09/2026
682e9e57-3041-4948-973d-81bcd01072a8,2026-09-04,300.71,True,2026-09-07T14:12:45.984948+00:00,incassi_pos,Causale: INCASSO TRAMITE P.O.S. - Descrizione: ACCREDITO POS - COD.SIA:6181087-0,abbinato a chiusura cassa del 03/09/2026
715fa655-716c-402d-b7e6-05912932eb3d,2026-09-04,694.93,True,2026-09-07T14:12:45.984948+00:00,incassi_pos,Causale: INCASSO TRAMITE P.O.S. - Descrizione: ACCREDITO POS - COD.SIA:6181087-0,abbinato a chiusura cassa del 03/09/2026
82170fc0-1629-4b7d-ba0a-a6a1ccb76208,2026-09-04,159.16,True,2026-09-07T14:12:45.984948+00:00,incassi_pos,Causale: INCASSO TRAMITE P.O.S. - Descrizione: ACCREDITO POS - COD.SIA:6181087-0,abbinato a chiusura cassa del 03/09/2026
860e8895-4974-40ec-b48a-5ca853d4e9cf,2026-09-04,1383.33,True,2026-09-07T14:12:45.984948+00:00,incassi_pos,Causale: INCASSO TRAMITE P.O.S. - Descrizione: ACCREDITO POS - COD.SIA:6181087-0,abbinato a chiusura cassa del 03/09/2026
86e87974-f14e-4981-ab3f-abeed90fba16,2026-09-04,171.35,True,2026-09-07T14:12:45.984948+00:00,incassi_pos,Causale: INCASSO TRAMITE P.O.S. - Descrizione: ACCREDITO POS - COD.SIA:6181087-0,abbinato a chiusura cassa del 03/09/2026
9d72412a-fbc0-4374-bb3e-5af6cdec9540,2026-09-04,109.5,True,2026-09-07T14:12:45.984948+00:00,incassi_pos,Causale: INCASSO TRAMITE P.O.S. - Descrizione: ACCREDITO POS - COD.SIA:6181087-0,abbinato a chiusura cassa del 03/09/2026
a3657902-0367-4964-ba01-f36b1c0d531b,2026-09-04,237.54,True,2026-09-07T14:12:45.984948+00:00,incassi_pos,Causale: INCASSO TRAMITE P.O.S. - Descrizione: ACCREDITO POS - COD.SIA:6181087-0,abbinato a chiusura cassa del 03/09/2026
b43c9a8a-9a19-4c1a-9c81-9a31811a90f9,2026-09-04,485.23,True,2026-09-07T14:12:45.984948+00:00,incassi_pos,Causale: INCASSO TRAMITE P.O.S. - Descrizione: ACCREDITO POS - COD.SIA:6181087-0,abbinato a chiusura cassa del 03/09/2026
b4b016d3-90d9-4507-a0c2-3c50bd67b3ef,2026-09-04,95.63,True,2026-09-07T14:12:45.984948+00:00,incassi_pos,Causale: INCASSO TRAMITE P.O.S. - Descrizione: ACCREDITO POS - COD.SIA:6181087-0,abbinato a chiusura cassa del 03/09/2026
bc2505e3-5ac1-474a-a864-70fe8a9a9939,2026-09-04,222.95,True,2026-09-07T14:12:45.984948+00:00,incassi_pos,Causale: INCASSO TRAMITE P.O.S. - Descrizione: ACCREDITO POS - COD.SIA:6181087-0,abbinato a chiusura cassa del 03/09/2026
c4003dac-3be5-4971-a1e3-38f5704daeda,2026-09-04,18.87,True,2026-09-07T14:12:45.984948+00:00,incassi_pos,Causale: INCASSO TRAMITE P.O.S. - Descrizione: ACCREDITO POS - COD.SIA:6181087-0,abbinato a chiusura cassa del 03/09/2026
d696d159-62d0-415a-a777-6c2d7d3cfc0f,2026-09-04,751.75,True,2026-09-07T14:12:45.984948+00:00,incassi_pos,Causale: INCASSO TRAMITE P.O.S. - Descrizione: ACCREDITO POS - COD.SIA:6181087-0,abbinato a chiusura cassa del 03/09/2026
f486fa90-d276-4c15-b035-a2ed1575f7c9,2026-09-04,60.79,True,2026-09-07T14:12:45.984948+00:00,incassi_pos,Causale: INCASSO TRAMITE P.O.S. - Descrizione: ACCREDITO POS - COD.SIA:6181087-0,abbinato a chiusura cassa del 03/09/2026
c97dfe8b-2662-4054-b0f3-62f22e8f056a,2026-09-06,52.7,True,2026-09-07T14:12:45.984948+00:00,incassi_pos,Causale: INCASSO TRAMITE P.O.S. - Descrizione: ACCREDITO POS - COD.SIA:6181087-0,abbinato a chiusura cassa del 05/09/2026
f7cc86ad-49b0-4f32-b50d-9b0b26edd7f0,2026-09-06,164,True,2026-09-07T14:12:45.984948+00:00,incassi_pos,Causale: INCASSO TRAMITE P.O.S. - Descrizione: ACCREDITO POS - COD.SIA:6181087-0,abbinato a chiusura cassa del 05/09/2026
003ad4cf-cacc-4208-8ff5-f9491b96901b,2026-09-07,281.13,True,2026-09-07T18:18:02.988712+00:00,incassi_pos,Causale: INCASSO TRAMITE P.O.S. - Descrizione: ACCREDITO POS - COD.SIA:6181087-0,abbinato a chiusura cassa del 04/09/2026
035687ed-4304-4803-adf8-fb66c5ca4f99,2026-09-07,588.75,True,2026-09-07T18:18:02.988712+00:00,incassi_pos,Incassi Internazionali Numia SpA 8126180 05.09.26 618108700014 VICOLO OUTLET C/O,abbinato a chiusura cassa del 05/09/2026
03d13a44-9a63-4422-8659-070295c52cde,2026-09-07,129.7,True,2026-09-07T14:12:45.984948+00:00,incassi_pos,Causale: INCASSO TRAMITE P.O.S. - Descrizione: ACCREDITO POS - COD.SIA:6181087-0,abbinato a chiusura cassa del 06/09/2026
092ffdb3-0344-42e8-9bbe-ef54e7c433df,2026-09-07,1046.23,True,2026-09-07T14:12:45.984948+00:00,incassi_pos,Causale: INCASSO TRAMITE P.O.S. - Descrizione: ACCREDITO POS - COD.SIA:6181087-0,abbinato a chiusura cassa del 05/09/2026
0a4cf245-63b1-4900-80b0-a60cfca84c83,2026-09-07,47.59,True,2026-09-07T14:12:45.984948+00:00,incassi_pos,Causale: INCASSO TRAMITE P.O.S. - Descrizione: ACCREDITO POS - COD.SIA:6181087-0,abbinato a chiusura cassa del 06/09/2026
0b97040e-2bbc-4123-b083-b062f7b59d08,2026-09-07,1651.38,True,2026-09-07T14:12:45.984948+00:00,incassi_pos,Causale: INCASSO TRAMITE P.O.S. - Descrizione: ACCREDITO POS - COD.SIA:6181087-0,abbinato a chiusura cassa del 06/09/2026
10924db1-b139-46c4-ad2e-979d6a5a53d7,2026-09-07,832,True,2026-09-07T14:12:45.984948+00:00,incassi_pos,Causale: INCASSO TRAMITE P.O.S. - Descrizione: ACCREDITO POS - COD.SIA:6181087-0,abbinato a chiusura cassa del 05/09/2026
126d52cf-b8c1-40a3-8cce-ebe330c98fc0,2026-09-07,809.18,True,2026-09-07T14:12:45.984948+00:00,incassi_pos,Causale: INCASSO TRAMITE P.O.S. - Descrizione: ACCREDITO POS - COD.SIA:6181087-0,abbinato a chiusura cassa del 04/09/2026
1371500a-239d-4c92-81d1-0cc0d32df4d8,2026-09-07,60.57,True,2026-09-07T14:12:45.984948+00:00,incassi_pos,Causale: INCASSO TRAMITE P.O.S. - Descrizione: ACCREDITO POS - COD.SIA:6181087-0,abbinato a chiusura cassa del 04/09/2026
1f809b6c-6bf9-43f2-a0b5-eb18f3b699c1,2026-09-07,900.8,True,2026-09-07T14:12:45.984948+00:00,incassi_pos,Causale: INCASSO TRAMITE P.O.S. - Descrizione: ACCREDITO POS - COD.SIA:6181087-0,abbinato a chiusura cassa del 05/09/2026
20b22368-8477-4719-8c67-c63873f51acf,2026-09-07,189.76,True,2026-09-07T18:18:02.988712+00:00,incassi_pos,Incassi PagoBancomat 06.09.26 - 618108700010 BRUGNATO 5 TERRE OUTLET,abbinato a chiusura cassa del 06/09/2026
24fd097d-f502-4a28-bd0a-3b9b9c659464,2026-09-07,2713.18,True,2026-09-07T14:12:45.984948+00:00,incassi_pos,Causale: INCASSO TRAMITE P.O.S. - Descrizione: ACCREDITO POS - COD.SIA:6181087-0,abbinato a chiusura cassa del 05/09/2026
28ebcbab-0d23-4ede-b071-9438cb4653f9,2026-09-07,29,True,2026-09-07T14:12:45.984948+00:00,incassi_pos,Causale: INCASSO TRAMITE P.O.S. - Descrizione: ACCREDITO POS - COD.SIA:6181087-0,abbinato a chiusura cassa del 06/09/2026
311c472d-d337-42e8-90e5-aef99721d2f4,2026-09-07,467.48,True,2026-09-07T14:12:45.984948+00:00,incassi_pos,Causale: INCASSO TRAMITE P.O.S. - Descrizione: ACCREDITO POS - COD.SIA:6181087-0,abbinato a chiusura cassa del 06/09/2026
314ffc06-33a4-428e-81ed-780315fc9776,2026-09-07,191.04,True,2026-09-07T14:12:45.984948+00:00,incassi_pos,Causale: INCASSO TRAMITE P.O.S. - Descrizione: ACCREDITO POS - COD.SIA:6181087-0,abbinato a chiusura cassa del 05/09/2026
3825345d-49e7-4b4e-8aba-1dc028b962e1,2026-09-07,413.15,True,2026-09-07T14:12:45.984948+00:00,incassi_pos,Causale: INCASSO TRAMITE P.O.S. - Descrizione: ACCREDITO POS - COD.SIA:6181087-0,abbinato a chiusura cassa del 04/09/2026
38e377eb-4ae2-4dab-a6f6-a847ff979d2e,2026-09-07,1808.66,True,2026-09-07T14:12:45.984948+00:00,incassi_pos,Causale: INCASSO TRAMITE P.O.S. - Descrizione: ACCREDITO POS - COD.SIA:6181087-0,abbinato a chiusura cassa del 06/09/2026
3b20fb29-2d6a-4ce0-863e-bf4840b7f0ed,2026-09-07,415.18,True,2026-09-07T14:12:45.984948+00:00,incassi_pos,Causale: INCASSO TRAMITE P.O.S. - Descrizione: ACCREDITO POS - COD.SIA:6181087-0,abbinato a chiusura cassa del 04/09/2026
3d029a6a-5ff9-4a50-a232-70750d52a2ef,2026-09-07,1988.9,True,2026-09-07T18:18:02.988712+00:00,incassi_pos,Incassi PagoBancomat 06.09.26 - 618108700001 VICOLO,abbinato a chiusura cassa del 06/09/2026
3f5338a5-6621-4d17-92af-17a41850a397,2026-09-07,606.53,True,2026-09-07T14:12:45.984948+00:00,incassi_pos,Causale: INCASSO TRAMITE P.O.S. - Descrizione: ACCREDITO POS - COD.SIA:6181087-0,abbinato a chiusura cassa del 05/09/2026
41cd132e-847a-414d-a13c-426c36c612f3,2026-09-07,1118.31,True,2026-09-07T14:12:45.984948+00:00,incassi_pos,Causale: INCASSO TRAMITE P.O.S. - Descrizione: ACCREDITO POS - COD.SIA:6181087-0,abbinato a chiusura cassa del 05/09/2026
483da30e-a39f-41d0-8ffc-9585d77490b1,2026-09-07,550.69,True,2026-09-07T18:18:02.988712+00:00,incassi_pos,Causale: INCASSO TRAMITE P.O.S. - Descrizione: ACCREDITO POS - COD.SIA:6181087-0,abbinato a chiusura cassa del 04/09/2026
4df28004-8351-4b6a-a59f-66fc19da1d4d,2026-09-07,250.05,True,2026-09-07T14:12:45.984948+00:00,incassi_pos,Causale: INCASSO TRAMITE P.O.S. - Descrizione: ACCREDITO POS - COD.SIA:6181087-0,abbinato a chiusura cassa del 05/09/2026
509e165c-7c4a-4e25-b04a-50bfeb641990,2026-09-07,9,True,2026-09-07T18:18:02.988712+00:00,incassi_pos,Incassi PagoBancomat 06.09.26 - 618108700006 VICOLO c/o FRANCIACORTA,abbinato a chiusura cassa del 06/09/2026
51c70acf-0a63-47dd-849c-f769562b8f38,2026-09-07,259.4,True,2026-09-07T18:18:02.988712+00:00,incassi_pos,Incassi Internazionali Numia SpA 8044058 05.09.26 618108700006 VICOLO c/o FRANCI,abbinato a chiusura cassa del 05/09/2026
5333a75f-9de3-4d39-876f-d92ddc9542c6,2026-09-07,297.62,True,2026-09-07T14:12:45.984948+00:00,incassi_pos,Causale: INCASSO TRAMITE P.O.S. - Descrizione: ACCREDITO POS - COD.SIA:6181087-0,abbinato a chiusura cassa del 05/09/2026
533d7aa8-9fb4-4a5d-8485-1066c811b3e0,2026-09-07,112.82,True,2026-09-07T18:18:02.988712+00:00,incassi_pos,Incassi PagoBancomat 05.09.26 - 618108700010 BRUGNATO 5 TERRE OUTLET,abbinato a chiusura cassa del 05/09/2026
5c9f79f4-4c15-492d-9d5e-4c7a78789670,2026-09-07,31.5,True,2026-09-07T18:18:02.988712+00:00,incassi_pos,Incassi Internazionali Numia SpA 8039642 06.09.26 618108700003 VICOLO,abbinato a chiusura cassa del 06/09/2026
5de8caa2-be92-4f02-8329-a5bcc5d2baf7,2026-09-07,171.92,True,2026-09-07T14:12:45.984948+00:00,incassi_pos,Causale: INCASSO TRAMITE P.O.S. - Descrizione: ACCREDITO POS - COD.SIA:6181087-0,abbinato a chiusura cassa del 06/09/2026
60f53f1c-662d-4e21-bc3a-cd1dd7e7358a,2026-09-07,615.19,True,2026-09-07T18:18:02.988712+00:00,incassi_pos,Causale: INCASSO TRAMITE P.O.S. - Descrizione: ACCREDITO POS - COD.SIA:6181087-0,abbinato a chiusura cassa del 04/09/2026
61f16cbe-a5a6-431a-ba02-97f58814b8e3,2026-09-07,10,True,2026-09-07T14:12:45.984948+00:00,incassi_pos,Causale: INCASSO TRAMITE P.O.S. - Descrizione: ACCREDITO POS - COD.SIA:6181087-0,abbinato a chiusura cassa del 06/09/2026
6f864588-49ad-4c45-9499-bea659f27e7f,2026-09-07,677.62,True,2026-09-07T14:12:45.984948+00:00,incassi_pos,Causale: INCASSO TRAMITE P.O.S. - Descrizione: ACCREDITO POS - COD.SIA:6181087-0,abbinato a chiusura cassa del 04/09/2026
73534c73-5270-46a9-8b3a-912882d2c021,2026-09-07,72,True,2026-09-07T18:18:02.988712+00:00,incassi_pos,Accredito per incassi 07.09.2026 BRUGNATO 5 TERRE OUTLET 618108700010 American E,abbinato a chiusura cassa del 05/09/2026
77bcd232-1ba3-4666-a29e-6f2f56c3e96a,2026-09-07,365.85,True,2026-09-07T14:12:45.984948+00:00,incassi_pos,Causale: INCASSO TRAMITE P.O.S. - Descrizione: ACCREDITO POS - COD.SIA:6181087-0,abbinato a chiusura cassa del 06/09/2026
78d563f8-30f8-4edf-9956-8d279bf839eb,2026-09-07,166.78,True,2026-09-07T14:12:45.984948+00:00,incassi_pos,Causale: INCASSO TRAMITE P.O.S. - Descrizione: ACCREDITO POS - COD.SIA:6181087-0,abbinato a chiusura cassa del 04/09/2026
7cd99352-76e8-4c89-b765-1c63aa049ec7,2026-09-07,628.57,True,2026-09-07T14:12:45.984948+00:00,incassi_pos,Causale: INCASSO TRAMITE P.O.S. - Descrizione: ACCREDITO POS - COD.SIA:6181087-0,abbinato a chiusura cassa del 06/09/2026
842c19f3-a1e3-4a9d-a76e-9c01148c680b,2026-09-07,426.72,True,2026-09-07T18:18:02.988712+00:00,incassi_pos,Incassi PagoBancomat 06.09.26 - 618108700012 VICOLO C/O Valmontone Ou,abbinato a chiusura cassa del 06/09/2026
8f0912bd-aeda-4a97-a840-047c6c3275bf,2026-09-07,30,True,2026-09-07T18:18:02.988712+00:00,incassi_pos,Incassi PagoBancomat 05.09.26 - 618108700014 VICOLO OUTLET C/O SETTIM,abbinato a chiusura cassa del 05/09/2026
8f8deec9-e06d-4a2b-8823-24c4551848e2,2026-09-07,16.5,True,2026-09-07T18:18:02.988712+00:00,incassi_pos,Incassi Internazionali Numia SpA 8044058 06.09.26 618108700006 VICOLO c/o FRANCI,abbinato a chiusura cassa del 06/09/2026
9f150340-c257-426a-ab54-5610256be808,2026-09-07,164.84,True,2026-09-07T14:12:45.984948+00:00,incassi_pos,Causale: INCASSO TRAMITE P.O.S. - Descrizione: ACCREDITO POS - COD.SIA:6181087-0,abbinato a chiusura cassa del 05/09/2026
a30355cf-b59d-4973-be6d-e5019f02fa80,2026-09-07,45.7,True,2026-09-07T14:12:45.984948+00:00,incassi_pos,Causale: INCASSO TRAMITE P.O.S. - Descrizione: ACCREDITO POS - COD.SIA:6181087-0,abbinato a chiusura cassa del 06/09/2026
a8e87267-ac2c-4580-a0e3-ed27e3cc6345,2026-09-07,153.9,True,2026-09-07T18:18:02.988712+00:00,incassi_pos,Accredito per incassi 07.09.2026 VICOLO 618108700001 American Express,abbinato a chiusura cassa del 06/09/2026
ad8c7b7a-4a5d-4cea-bc9a-44b4d5dd6603,2026-09-07,523.7,True,2026-09-07T14:12:45.984948+00:00,incassi_pos,Causale: INCASSO TRAMITE P.O.S. - Descrizione: ACCREDITO POS - COD.SIA:6181087-0,abbinato a chiusura cassa del 04/09/2026
ad987bfc-13b6-42b8-8ada-27d3e2f3b55f,2026-09-07,54,True,2026-09-07T18:18:02.988712+00:00,incassi_pos,Incassi PagoBancomat 05.09.26 - 618108700003 VICOLO,abbinato a chiusura cassa del 05/09/2026
ae6bb08d-82ce-4dd8-b0e0-60d424a92f0a,2026-09-07,153.1,True,2026-09-07T14:12:45.984948+00:00,incassi_pos,Causale: INCASSO TRAMITE P.O.S. - Descrizione: ACCREDITO POS - COD.SIA:6181087-0,abbinato a chiusura cassa del 04/09/2026
ae777c66-8b12-4b0f-ad50-7e5a8483ee9b,2026-09-07,717.25,True,2026-09-07T14:12:45.984948+00:00,incassi_pos,Causale: INCASSO TRAMITE P.O.S. - Descrizione: ACCREDITO POS - COD.SIA:6181087-0,abbinato a chiusura cassa del 05/09/2026
b3692c73-34ae-440b-8972-df43b22c7d59,2026-09-07,96.23,True,2026-09-07T14:12:45.984948+00:00,incassi_pos,Causale: INCASSO TRAMITE P.O.S. - Descrizione: ACCREDITO POS - COD.SIA:6181087-0,abbinato a chiusura cassa del 04/09/2026
b564fa2e-fad6-42e8-967a-26d4be2becd0,2026-09-07,808.89,True,2026-09-07T18:18:02.988712+00:00,incassi_pos,Incassi Internazionali Numia SpA 8063565 06.09.26 618108700010 BRUGNATO 5 TERRE ,abbinato a chiusura cassa del 06/09/2026
b8b9366f-69ab-421b-a956-ebefe215e99a,2026-09-07,998.41,True,2026-09-07T14:12:45.984948+00:00,incassi_pos,Causale: INCASSO TRAMITE P.O.S. - Descrizione: ACCREDITO POS - COD.SIA:6181087-0,abbinato a chiusura cassa del 06/09/2026
bba5fc40-31da-4f1a-b0f0-c1f220d55852,2026-09-07,1291.9,True,2026-09-07T14:12:45.984948+00:00,incassi_pos,Causale: INCASSO TRAMITE P.O.S. - Descrizione: ACCREDITO POS - COD.SIA:6181087-0,abbinato a chiusura cassa del 05/09/2026
c4c6199e-c995-4fc2-8fda-317312a18f51,2026-09-07,283.82,True,2026-09-07T18:18:02.988712+00:00,incassi_pos,Causale: INCASSO TRAMITE P.O.S. - Descrizione: ACCREDITO POS - COD.SIA:6181087-0,abbinato a chiusura cassa del 05/09/2026
c656df6a-c49f-41c2-ae42-4a21f8bcf139,2026-09-07,101.4,True,2026-09-07T14:12:45.984948+00:00,incassi_pos,Causale: INCASSO TRAMITE P.O.S. - Descrizione: ACCREDITO POS - COD.SIA:6181087-0,abbinato a chiusura cassa del 04/09/2026
ca65febb-02bf-45e6-8c3d-a686d44075a3,2026-09-07,2209,True,2026-09-07T18:18:02.988712+00:00,incassi_pos,Incassi Internazionali Numia SpA 7943410 06.09.26 618108700001 VICOLO,abbinato a chiusura cassa del 06/09/2026
ce5c2b45-7f44-47c7-91e2-822832cd7457,2026-09-07,269.61,True,2026-09-07T18:18:02.988712+00:00,incassi_pos,Incassi Internazionali Numia SpA 8063565 05.09.26 618108700010 BRUGNATO 5 TERRE ,abbinato a chiusura cassa del 05/09/2026
d53553c5-bcbe-4451-983d-5b4a9a4b894a,2026-09-07,87.87,True,2026-09-07T18:18:02.988712+00:00,incassi_pos,Incassi Internazionali Numia SpA 8039642 05.09.26 618108700003 VICOLO,abbinato a chiusura cassa del 05/09/2026
d8eaa959-ac87-4439-b643-e9463a2dfa6c,2026-09-07,482.67,True,2026-09-07T14:12:45.984948+00:00,incassi_pos,Causale: INCASSO TRAMITE P.O.S. - Descrizione: ACCREDITO POS - COD.SIA:6181087-0,abbinato a chiusura cassa del 05/09/2026
dd9aaa49-0a0b-4e84-bb39-1fe38507df31,2026-09-07,2277.33,True,2026-09-07T18:18:02.988712+00:00,incassi_pos,Incassi Internazionali Numia SpA 8082737 06.09.26 618108700012 VICOLO C/O Valmon,abbinato a chiusura cassa del 06/09/2026
e73d4c9f-30cc-429e-95fe-b31fac2eec74,2026-09-07,69.09,True,2026-09-07T14:12:45.984948+00:00,incassi_pos,Causale: INCASSO TRAMITE P.O.S. - Descrizione: ACCREDITO POS - COD.SIA:6181087-0,abbinato a chiusura cassa del 06/09/2026
edd49817-1f9d-43d7-85f9-fbedeff0890c,2026-09-07,312.5,True,2026-09-07T18:18:02.988712+00:00,incassi_pos,Accredito per incassi 07.09.2026 VICOLO C/O Valmontone Ou 618108700012 American ,abbinato a chiusura cassa del 06/09/2026
f87c4cca-4b6c-4618-a644-4880afd2f197,2026-09-07,1155.53,True,2026-09-07T14:12:45.984948+00:00,incassi_pos,Causale: INCASSO TRAMITE P.O.S. - Descrizione: ACCREDITO POS - COD.SIA:6181087-0,abbinato a chiusura cassa del 06/09/2026
0858798e-7dd7-4d2e-8e72-e3718818bdc2,2026-09-08,356.52,True,2026-09-09T06:05:00.048743+00:00,incassi_pos,Causale: INCASSO TRAMITE P.O.S. - Descrizione: ACCREDITO POS - COD.SIA:6181087-0,abbinato a chiusura cassa del 07/09/2026
16eb9d68-0df7-414e-b9a8-38f8f6794bfa,2026-09-08,300.98,True,2026-09-09T06:05:00.048743+00:00,incassi_pos,Causale: INCASSO TRAMITE P.O.S. - Descrizione: ACCREDITO POS - COD.SIA:6181087-0,abbinato a chiusura cassa del 07/09/2026
385354fd-512c-4c6f-aa5e-3360b74cfa6b,2026-09-08,832.8,True,2026-09-09T06:05:00.048743+00:00,incassi_pos,Incassi Internazionali Numia SpA 7943410 07.09.26 618108700001 VICOLO,abbinato a chiusura cassa del 07/09/2026
7be3c233-e9ea-49ec-a40c-565c34a8766a,2026-09-08,308.59,True,2026-09-09T06:05:00.048743+00:00,incassi_pos,Causale: INCASSO TRAMITE P.O.S. - Descrizione: ACCREDITO POS - COD.SIA:6181087-0,abbinato a chiusura cassa del 07/09/2026
89b79b65-8d5d-42b4-99e2-0e0ed6748906,2026-09-08,308.8,True,2026-09-09T06:05:00.048743+00:00,incassi_pos,Causale: INCASSO TRAMITE P.O.S. - Descrizione: ACCREDITO POS - COD.SIA:6181087-0,abbinato a chiusura cassa del 07/09/2026
8f1d2e21-8ca6-4046-ad2c-34c67ab160e1,2026-09-08,90.4,True,2026-09-09T06:05:00.048743+00:00,incassi_pos,Incassi PagoBancomat 07.09.26 - 618108700001 VICOLO,abbinato a chiusura cassa del 07/09/2026
95ef3161-95e0-42c8-95b8-393b53f13f70,2026-09-08,63.67,True,2026-09-09T06:05:00.048743+00:00,incassi_pos,Causale: INCASSO TRAMITE P.O.S. - Descrizione: ACCREDITO POS - COD.SIA:6181087-0,abbinato a chiusura cassa del 07/09/2026
a648d9b0-19fe-4e60-a96e-a1ad21d73dd8,2026-09-08,216.96,True,2026-09-09T06:05:00.048743+00:00,incassi_pos,Causale: INCASSO TRAMITE P.O.S. - Descrizione: ACCREDITO POS - COD.SIA:6181087-0,abbinato a chiusura cassa del 07/09/2026
a93d8bb0-1ead-435c-a9fd-744f379826e9,2026-09-08,330.75,True,2026-09-09T06:05:00.048743+00:00,incassi_pos,Causale: INCASSO TRAMITE P.O.S. - Descrizione: ACCREDITO POS - COD.SIA:6181087-0,abbinato a chiusura cassa del 07/09/2026
b87d2c35-fba0-4a2d-b0fe-cddedf359690,2026-09-08,812.6,True,2026-09-09T06:05:00.048743+00:00,incassi_pos,Causale: INCASSO TRAMITE P.O.S. - Descrizione: ACCREDITO POS - COD.SIA:6181087-0,abbinato a chiusura cassa del 07/09/2026
d03e833d-ba03-4358-9022-d7048cabeaae,2026-09-08,114.26,True,2026-09-09T06:05:00.048743+00:00,incassi_pos,Causale: INCASSO TRAMITE P.O.S. - Descrizione: ACCREDITO POS - COD.SIA:6181087-0,abbinato a chiusura cassa del 07/09/2026
d6752cb0-d890-4249-8116-1a285e220c83,2026-09-08,120.03,True,2026-09-09T06:05:00.048743+00:00,incassi_pos,Causale: INCASSO TRAMITE P.O.S. - Descrizione: ACCREDITO POS - COD.SIA:6181087-0,abbinato a chiusura cassa del 07/09/2026
ec503971-f977-4012-b3c3-c9b002427903,2026-09-08,219.6,True,2026-09-09T06:05:00.048743+00:00,incassi_pos,Causale: INCASSO TRAMITE P.O.S. - Descrizione: ACCREDITO POS - COD.SIA:6181087-0,abbinato a chiusura cassa del 07/09/2026
4d50c130-6264-48eb-a8b4-e98cf3c28062,2026-09-09,390.85,True,2026-09-10T06:05:00.090606+00:00,incassi_pos,Causale: INCASSO TRAMITE P.O.S. - Descrizione: ACCREDITO POS - COD.SIA:6181087-0,abbinato a chiusura cassa del 08/09/2026
5c83c4f5-a9b2-4ca9-83bc-33ba75a08e86,2026-09-09,216.22,True,2026-09-10T06:05:00.090606+00:00,incassi_pos,Causale: INCASSO TRAMITE P.O.S. - Descrizione: ACCREDITO POS - COD.SIA:6181087-0,abbinato a chiusura cassa del 08/09/2026
64bae467-d325-469b-80eb-fa235c34082b,2026-09-09,38.77,True,2026-09-10T06:05:00.090606+00:00,incassi_pos,Causale: INCASSO TRAMITE P.O.S. - Descrizione: ACCREDITO POS - COD.SIA:6181087-0,abbinato a chiusura cassa del 08/09/2026
6c41a4c2-1bbe-4667-982a-273d8d6a8eac,2026-09-09,460.86,True,2026-09-10T06:05:00.090606+00:00,incassi_pos,Incassi PagoBancomat 08.09.26 - 618108700001 VICOLO,abbinato a chiusura cassa del 08/09/2026
703b6c83-fea7-4af0-b884-1df11efb43dc,2026-09-09,412,True,2026-09-10T06:05:00.090606+00:00,incassi_pos,Incassi Internazionali Numia SpA 7943410 08.09.26 618108700001 VICOLO,abbinato a chiusura cassa del 08/09/2026
887d7e80-ed68-46f0-ac80-c3b8048fbba4,2026-09-09,324.42,True,2026-09-10T06:05:00.090606+00:00,incassi_pos,Causale: INCASSO TRAMITE P.O.S. - Descrizione: ACCREDITO POS - COD.SIA:6181087-0,abbinato a chiusura cassa del 08/09/2026
8e85d6f9-7a3b-4da3-969c-bc75dc213d55,2026-09-09,536.94,True,2026-09-10T06:05:00.090606+00:00,incassi_pos,Causale: INCASSO TRAMITE P.O.S. - Descrizione: ACCREDITO POS - COD.SIA:6181087-0,abbinato a chiusura cassa del 08/09/2026
94288b4e-ed22-4add-b922-39d67bce8c84,2026-09-09,375.88,True,2026-09-10T06:05:00.090606+00:00,incassi_pos,Causale: INCASSO TRAMITE P.O.S. - Descrizione: ACCREDITO POS - COD.SIA:6181087-0,abbinato a chiusura cassa del 08/09/2026
a792e103-1eda-4a9f-89e7-7a85dd17ed2e,2026-09-09,95.23,True,2026-09-10T06:05:00.090606+00:00,incassi_pos,Causale: INCASSO TRAMITE P.O.S. - Descrizione: ACCREDITO POS - COD.SIA:6181087-0,abbinato a chiusura cassa del 08/09/2026
c9353331-0d34-4e67-bca9-b893a101c6f7,2026-09-09,524.77,True,2026-09-10T06:05:00.090606+00:00,incassi_pos,Causale: INCASSO TRAMITE P.O.S. - Descrizione: ACCREDITO POS - COD.SIA:6181087-0,abbinato a chiusura cassa del 08/09/2026
d5e731e0-a533-4c71-b9cc-4f880b69a2b2,2026-09-09,452.58,True,2026-09-10T06:05:00.090606+00:00,incassi_pos,Causale: INCASSO TRAMITE P.O.S. - Descrizione: ACCREDITO POS - COD.SIA:6181087-0,abbinato a chiusura cassa del 08/09/2026
e561f01a-3a69-4832-8faf-be676f45c8b7,2026-09-09,382.23,True,2026-09-10T06:05:00.090606+00:00,incassi_pos,Causale: INCASSO TRAMITE P.O.S. - Descrizione: ACCREDITO POS - COD.SIA:6181087-0,abbinato a chiusura cassa del 08/09/2026
f39bef87-0406-4517-a049-f686f5875bfe,2026-09-09,136.88,True,2026-09-10T06:05:00.090606+00:00,incassi_pos,Causale: INCASSO TRAMITE P.O.S. - Descrizione: ACCREDITO POS - COD.SIA:6181087-0,abbinato a chiusura cassa del 08/09/2026
03b9b7c2-0e56-432a-abfe-0a606a671cc5,2026-09-10,307.97,True,2026-09-11T06:05:00.096954+00:00,incassi_pos,Causale: INCASSO TRAMITE P.O.S. - Descrizione: ACCREDITO POS - COD.SIA:6181087-0,abbinato a chiusura cassa del 09/09/2026
1a7c79af-9300-460f-b051-7d8cd1cea3a6,2026-09-10,68.21,True,2026-09-11T06:05:00.096954+00:00,incassi_pos,Causale: INCASSO TRAMITE P.O.S. - Descrizione: ACCREDITO POS - COD.SIA:6181087-0,abbinato a chiusura cassa del 09/09/2026
28568c35-01cf-49dd-a30d-4c8aa6772ae0,2026-09-10,215.4,True,2026-09-11T06:05:00.096954+00:00,incassi_pos,Causale: INCASSO TRAMITE P.O.S. - Descrizione: ACCREDITO POS - COD.SIA:6181087-0,abbinato a chiusura cassa del 09/09/2026
50ef28c6-a914-4008-8601-881f757842b5,2026-09-10,99.31,True,2026-09-11T06:05:00.096954+00:00,incassi_pos,Causale: INCASSO TRAMITE P.O.S. - Descrizione: ACCREDITO POS - COD.SIA:6181087-0,abbinato a chiusura cassa del 09/09/2026
62ca241f-25bc-4713-9585-559002680241,2026-09-10,1100.6,True,2026-09-11T06:05:00.096954+00:00,incassi_pos,Causale: INCASSO TRAMITE P.O.S. - Descrizione: ACCREDITO POS - COD.SIA:6181087-0,abbinato a chiusura cassa del 09/09/2026
86746299-207f-47b9-9c6e-d65d9d2f0d7a,2026-09-10,185.9,True,2026-09-11T06:05:00.096954+00:00,incassi_pos,Causale: INCASSO TRAMITE P.O.S. - Descrizione: ACCREDITO POS - COD.SIA:6181087-0,abbinato a chiusura cassa del 09/09/2026
88c83cef-4d83-4791-91de-4ca0b78f115e,2026-09-10,383.12,True,2026-09-11T06:05:00.096954+00:00,incassi_pos,Causale: INCASSO TRAMITE P.O.S. - Descrizione: ACCREDITO POS - COD.SIA:6181087-0,abbinato a chiusura cassa del 09/09/2026
8bf0bb0b-3a51-43aa-85ca-7cba98e085ce,2026-09-10,700.27,True,2026-09-11T06:05:00.096954+00:00,incassi_pos,Causale: INCASSO TRAMITE P.O.S. - Descrizione: ACCREDITO POS - COD.SIA:6181087-0,abbinato a chiusura cassa del 09/09/2026
9f6a34bf-159a-4fa5-b06f-984b241d3971,2026-09-10,189.39,True,2026-09-11T06:05:00.096954+00:00,incassi_pos,Causale: INCASSO TRAMITE P.O.S. - Descrizione: ACCREDITO POS - COD.SIA:6181087-0,abbinato a chiusura cassa del 09/09/2026
a4b32008-31ca-4fd5-b994-00597586101c,2026-09-10,76,True,2026-09-11T06:05:00.096954+00:00,incassi_pos,Incassi Internazionali Numia SpA 8044058 09.09.26 618108700006 VICOLO c/o FRANCI,abbinato a chiusura cassa del 09/09/2026
ac6f30cd-6ae3-430d-b45d-abfeb929b7b1,2026-09-10,829.93,True,2026-09-11T06:05:00.096954+00:00,incassi_pos,Causale: INCASSO TRAMITE P.O.S. - Descrizione: ACCREDITO POS - COD.SIA:6181087-0,abbinato a chiusura cassa del 09/09/2026
b38a9cde-7d9a-4d0a-9a7e-aced57d378d1,2026-09-10,634.66,True,2026-09-11T06:05:00.096954+00:00,incassi_pos,Causale: INCASSO TRAMITE P.O.S. - Descrizione: ACCREDITO POS - COD.SIA:6181087-0,abbinato a chiusura cassa del 09/09/2026
b57584c4-4860-493d-a836-fe7acc594427,2026-09-10,28.56,True,2026-09-11T06:05:00.096954+00:00,incassi_pos,Causale: INCASSO TRAMITE P.O.S. - Descrizione: ACCREDITO POS - COD.SIA:6181087-0,abbinato a chiusura cassa del 09/09/2026
c44a770b-ae81-4c4f-8174-4e3609727e10,2026-09-10,617.14,True,2026-09-11T06:05:00.096954+00:00,incassi_pos,Causale: INCASSO TRAMITE P.O.S. - Descrizione: ACCREDITO POS - COD.SIA:6181087-0,abbinato a chiusura cassa del 09/09/2026
f5710148-2dcf-4206-8d79-20318ef485c2,2026-09-10,33.05,True,2026-09-10T06:05:00.090606+00:00,incassi_pos,Causale: INCASSO TRAMITE P.O.S. - Descrizione: ACCREDITO POS - COD.SIA:6181087-0,abbinato a chiusura cassa del 09/09/2026
f9334cdf-fdae-4260-9376-dc40f6d39c0f,2026-09-10,35.69,True,2026-09-11T06:05:00.096954+00:00,incassi_pos,Causale: INCASSO TRAMITE P.O.S. - Descrizione: ACCREDITO POS - COD.SIA:6181087-0,abbinato a chiusura cassa del 09/09/2026
1dd431e2-73ce-46d3-92e8-3cb03c6acf60,2026-09-11,247.16,True,2026-09-12T06:05:00.081444+00:00,incassi_pos,Causale: INCASSO TRAMITE P.O.S. - Descrizione: ACCREDITO POS - COD.SIA:6181087-0,abbinato a chiusura cassa del 10/09/2026
422bcbe0-6ebe-41dd-a3d6-fd1ae60a014a,2026-09-11,645.67,True,2026-09-12T06:05:00.081444+00:00,incassi_pos,Causale: INCASSO TRAMITE P.O.S. - Descrizione: ACCREDITO POS - COD.SIA:6181087-0,abbinato a chiusura cassa del 10/09/2026
43a37497-3a19-4cab-8734-1fc43f0bee79,2026-09-11,298.84,True,2026-09-12T06:05:00.081444+00:00,incassi_pos,Causale: INCASSO TRAMITE P.O.S. - Descrizione: ACCREDITO POS - COD.SIA:6181087-0,abbinato a chiusura cassa del 10/09/2026
4a26375a-085e-45d8-bec2-d17d875ea0ef,2026-09-11,647,True,2026-09-12T06:05:00.081444+00:00,incassi_pos,Causale: INCASSO TRAMITE P.O.S. - Descrizione: ACCREDITO POS - COD.SIA:6181087-0,abbinato a chiusura cassa del 10/09/2026
55a85044-249c-4c35-96e1-e84eab94441a,2026-09-11,190.07,True,2026-09-12T06:05:00.081444+00:00,incassi_pos,Causale: INCASSO TRAMITE P.O.S. - Descrizione: ACCREDITO POS - COD.SIA:6181087-0,abbinato a chiusura cassa del 10/09/2026
709c514e-550e-4ff9-be50-5adcafcd391d,2026-09-11,1607,True,2026-09-12T06:05:00.081444+00:00,incassi_pos,Causale: INCASSO TRAMITE P.O.S. - Descrizione: ACCREDITO POS - COD.SIA:6181087-0,abbinato a chiusura cassa del 10/09/2026
78e5b0f2-ffde-4ed9-9e91-995e3b027747,2026-09-11,752.66,True,2026-09-12T06:05:00.081444+00:00,incassi_pos,Causale: INCASSO TRAMITE P.O.S. - Descrizione: ACCREDITO POS - COD.SIA:6181087-0,abbinato a chiusura cassa del 10/09/2026
a4edebe0-8480-45ab-b43b-ce17765a3b9f,2026-09-11,88.38,True,2026-09-12T06:05:00.081444+00:00,incassi_pos,Causale: INCASSO TRAMITE P.O.S. - Descrizione: ACCREDITO POS - COD.SIA:6181087-0,abbinato a chiusura cassa del 10/09/2026
dc698869-a390-46c5-9bce-7e76af6dbf91,2026-09-11,78.55,True,2026-09-12T06:05:00.081444+00:00,incassi_pos,Causale: INCASSO TRAMITE P.O.S. - Descrizione: ACCREDITO POS - COD.SIA:6181087-0,abbinato a chiusura cassa del 10/09/2026
e09794ac-50cd-4163-99e5-3f215c1c8f8d,2026-09-11,10.23,True,2026-09-12T06:05:00.081444+00:00,incassi_pos,Causale: INCASSO TRAMITE P.O.S. - Descrizione: ACCREDITO POS - COD.SIA:6181087-0,abbinato a chiusura cassa del 10/09/2026
fa672423-bac9-45af-a736-4ac26ea3b76f,2026-09-11,62.59,True,2026-09-12T06:05:00.081444+00:00,incassi_pos,Causale: INCASSO TRAMITE P.O.S. - Descrizione: ACCREDITO POS - COD.SIA:6181087-0,abbinato a chiusura cassa del 10/09/2026
fc4718c5-8f1f-41b1-8a77-311f5df8e416,2026-09-11,1268.39,True,2026-09-12T06:05:00.081444+00:00,incassi_pos,Causale: INCASSO TRAMITE P.O.S. - Descrizione: ACCREDITO POS - COD.SIA:6181087-0,abbinato a chiusura cassa del 10/09/2026
fd948079-1a50-4e52-8e71-7ef9415d3843,2026-09-11,561.6,True,2026-09-12T06:05:00.081444+00:00,incassi_pos,Causale: INCASSO TRAMITE P.O.S. - Descrizione: ACCREDITO POS - COD.SIA:6181087-0,abbinato a chiusura cassa del 10/09/2026
0a624ccd-5aaf-474e-a286-f06fcd349c02,2026-09-12,153.9,True,2026-09-14T06:05:00.032784+00:00,incassi_pos,Causale: INCASSO TRAMITE P.O.S. - Descrizione: ACCREDITO POS - COD.SIA:6181087-0,abbinato a chiusura cassa del 11/09/2026
230d1657-b07a-42ed-9744-5fee157eb86f,2026-09-12,88,True,2026-09-14T06:05:00.032784+00:00,incassi_pos,Causale: INCASSO TRAMITE P.O.S. - Descrizione: ACCREDITO POS - COD.SIA:6181087-0,abbinato a chiusura cassa del 11/09/2026
00bd4edf-d313-421d-a667-22fb4c2b208a,2026-09-14,1792.18,True,2026-09-15T06:05:00.069006+00:00,incassi_pos,Causale: INCASSO TRAMITE P.O.S. - Descrizione: ACCREDITO POS - COD.SIA:6181087-0,abbinato a chiusura cassa del 12/09/2026
03336531-f15e-4b85-a4b7-16b01e8630d0,2026-09-14,2129.55,True,2026-09-15T06:05:00.069006+00:00,incassi_pos,Incassi Internazionali Numia SpA 8063565 12.09.26 618108700010 BRUGNATO 5 TERRE ,abbinato a chiusura cassa del 12/09/2026
0d97ed41-b2ae-42f5-b193-fed08be7ac49,2026-09-14,658.08,True,2026-09-15T06:05:00.069006+00:00,incassi_pos,Causale: INCASSO TRAMITE P.O.S. - Descrizione: ACCREDITO POS - COD.SIA:6181087-0,abbinato a chiusura cassa del 12/09/2026
16756e41-f881-41e4-8406-e5b613fff6c3,2026-09-14,17.9,True,2026-09-15T06:05:00.069006+00:00,incassi_pos,Causale: INCASSO TRAMITE P.O.S. - Descrizione: ACCREDITO POS - COD.SIA:6181087-0,abbinato a chiusura cassa del 13/09/2026
1901265b-582b-469d-808c-2a2b77426c61,2026-09-14,68.15,True,2026-09-15T06:05:00.069006+00:00,incassi_pos,Incassi PagoBancomat 11.09.26 - 618108700012 VICOLO C/O Valmontone Ou,abbinato a chiusura cassa del 11/09/2026
2244aacb-e6d5-42da-9b21-13936401d0cb,2026-09-14,3351.47,True,2026-09-15T06:05:00.069006+00:00,incassi_pos,Causale: INCASSO TRAMITE P.O.S. - Descrizione: ACCREDITO POS - COD.SIA:6181087-0,abbinato a chiusura cassa del 12/09/2026
22cea657-6a5c-4a58-9b91-60d68af89c3e,2026-09-14,988.32,True,2026-09-15T06:05:00.069006+00:00,incassi_pos,Causale: INCASSO TRAMITE P.O.S. - Descrizione: ACCREDITO POS - COD.SIA:6181087-0,abbinato a chiusura cassa del 13/09/2026
23907ea5-47da-485d-a4a0-308b383fa3c7,2026-09-14,891.43,True,2026-09-15T06:05:00.069006+00:00,incassi_pos,Causale: INCASSO TRAMITE P.O.S. - Descrizione: ACCREDITO POS - COD.SIA:6181087-0,abbinato a chiusura cassa del 12/09/2026
246eb740-9e98-45aa-8922-1415ed516327,2026-09-14,168.8,True,2026-09-15T06:05:00.069006+00:00,incassi_pos,Incassi PagoBancomat 13.09.26 - 618108700003 VICOLO,abbinato a chiusura cassa del 13/09/2026
2896e2cb-e3c5-43de-b1a2-d1663a1c9c0a,2026-09-14,546.05,True,2026-09-15T06:05:00.069006+00:00,incassi_pos,Causale: INCASSO TRAMITE P.O.S. - Descrizione: ACCREDITO POS - COD.SIA:6181087-0,abbinato a chiusura cassa del 13/09/2026
2d78605b-3e4f-4daf-bd96-c3600b8d56c6,2026-09-14,890.13,True,2026-09-15T06:05:00.069006+00:00,incassi_pos,Causale: INCASSO TRAMITE P.O.S. - Descrizione: ACCREDITO POS - COD.SIA:6181087-0,abbinato a chiusura cassa del 11/09/2026
2ed161da-66e6-4212-be47-8f85ca89d70c,2026-09-14,644.61,True,2026-09-15T06:05:00.069006+00:00,incassi_pos,Causale: INCASSO TRAMITE P.O.S. - Descrizione: ACCREDITO POS - COD.SIA:6181087-0,abbinato a chiusura cassa del 13/09/2026
33a2b2eb-5923-4fb4-b55b-fdf002f24e93,2026-09-14,116.71,True,2026-09-15T06:05:00.069006+00:00,incassi_pos,Causale: INCASSO TRAMITE P.O.S. - Descrizione: ACCREDITO POS - COD.SIA:6181087-0,abbinato a chiusura cassa del 11/09/2026
352afbbf-3923-4e0f-a391-5787697350c5,2026-09-14,375.2,True,2026-09-15T06:05:00.069006+00:00,incassi_pos,Incassi Internazionali Numia SpA 8039642 12.09.26 618108700003 VICOLO,abbinato a chiusura cassa del 12/09/2026
395dda27-266b-4894-b6b4-b0d1381c5751,2026-09-14,2219.74,True,2026-09-15T06:05:00.069006+00:00,incassi_pos,Causale: INCASSO TRAMITE P.O.S. - Descrizione: ACCREDITO POS - COD.SIA:6181087-0,abbinato a chiusura cassa del 13/09/2026
39c994fb-f767-4278-98c0-98641dfa2114,2026-09-14,790.22,True,2026-09-15T06:05:00.069006+00:00,incassi_pos,Causale: INCASSO TRAMITE P.O.S. - Descrizione: ACCREDITO POS - COD.SIA:6181087-0,abbinato a chiusura cassa del 11/09/2026
3c733ec1-fce0-42c0-914a-b309e5eeafca,2026-09-14,436.81,True,2026-09-15T06:05:00.069006+00:00,incassi_pos,Causale: INCASSO TRAMITE P.O.S. - Descrizione: ACCREDITO POS - COD.SIA:6181087-0,abbinato a chiusura cassa del 12/09/2026
3ee355de-1060-43ac-8626-f41307009b02,2026-09-14,2685.44,True,2026-09-15T06:05:00.069006+00:00,incassi_pos,Causale: INCASSO TRAMITE P.O.S. - Descrizione: ACCREDITO POS - COD.SIA:6181087-0,abbinato a chiusura cassa del 13/09/2026
43a5b5fa-a204-4985-aaed-75caf8927dfc,2026-09-14,25,True,2026-09-15T06:05:00.069006+00:00,incassi_pos,Accredito per incassi 14.09.2026 BRUGNATO 5 TERRE OUTLET 618108700010 American E,abbinato a chiusura cassa del 13/09/2026
4e6f0b9d-1e06-4c0e-b443-1877262a8716,2026-09-14,37.97,True,2026-09-15T06:05:00.069006+00:00,incassi_pos,Incassi PagoBancomat 13.09.26 - 618108700010 BRUGNATO 5 TERRE OUTLET,abbinato a chiusura cassa del 13/09/2026
4e8321ae-4c6e-475a-94d9-6e7489fa9b06,2026-09-14,421.26,True,2026-09-15T06:05:00.069006+00:00,incassi_pos,Causale: INCASSO TRAMITE P.O.S. - Descrizione: ACCREDITO POS - COD.SIA:6181087-0,abbinato a chiusura cassa del 12/09/2026
56bb3a0b-31d2-44be-bf1e-70cfd892c7d3,2026-09-14,809.87,True,2026-09-15T06:05:00.069006+00:00,incassi_pos,Incassi Internazionali Numia SpA 8082737 11.09.26 618108700012 VICOLO C/O Valmon,abbinato a chiusura cassa del 11/09/2026
5964c9fd-462f-4743-b342-093360dabafa,2026-09-14,4325.86,True,2026-09-15T06:05:00.069006+00:00,incassi_pos,Causale: INCASSO TRAMITE P.O.S. - Descrizione: ACCREDITO POS - COD.SIA:6181087-0,abbinato a chiusura cassa del 13/09/2026
6241515a-8ed9-49e1-821b-af33d13d6317,2026-09-14,1571.93,True,2026-09-15T06:05:00.069006+00:00,incassi_pos,Causale: INCASSO TRAMITE P.O.S. - Descrizione: ACCREDITO POS - COD.SIA:6181087-0,abbinato a chiusura cassa del 12/09/2026
70da2924-40c0-4fa6-8fd8-b15c8f0a46fc,2026-09-14,1028.11,True,2026-09-15T06:05:00.069006+00:00,incassi_pos,Causale: INCASSO TRAMITE P.O.S. - Descrizione: ACCREDITO POS - COD.SIA:6181087-0,abbinato a chiusura cassa del 11/09/2026
76263d9f-f4fc-4486-8109-98194b6a5546,2026-09-14,925.26,True,2026-09-15T06:05:00.069006+00:00,incassi_pos,Causale: INCASSO TRAMITE P.O.S. - Descrizione: ACCREDITO POS - COD.SIA:6181087-0,abbinato a chiusura cassa del 11/09/2026
76d8449b-a59a-4cda-8649-633ebd932cd6,2026-09-14,232.52,True,2026-09-15T06:05:00.069006+00:00,incassi_pos,Causale: INCASSO TRAMITE P.O.S. - Descrizione: ACCREDITO POS - COD.SIA:6181087-0,abbinato a chiusura cassa del 11/09/2026
795c9c1d-4707-4d91-9a6b-dc99e1380f51,2026-09-14,2370.22,True,2026-09-15T06:05:00.069006+00:00,incassi_pos,Causale: INCASSO TRAMITE P.O.S. - Descrizione: ACCREDITO POS - COD.SIA:6181087-0,abbinato a chiusura cassa del 12/09/2026
7f15ea4d-0322-4eab-9826-00d17edced25,2026-09-14,1703.73,True,2026-09-15T06:05:00.069006+00:00,incassi_pos,Causale: INCASSO TRAMITE P.O.S. - Descrizione: ACCREDITO POS - COD.SIA:6181087-0,abbinato a chiusura cassa del 13/09/2026
7f6e0376-6bf6-436f-a1e2-1521db0830bb,2026-09-14,2054.48,True,2026-09-15T06:05:00.069006+00:00,incassi_pos,Causale: INCASSO TRAMITE P.O.S. - Descrizione: ACCREDITO POS - COD.SIA:6181087-0,abbinato a chiusura cassa del 12/09/2026
8085f019-2dda-4b72-8ff4-c552235ee696,2026-09-14,1007.53,True,2026-09-15T06:05:00.069006+00:00,incassi_pos,Causale: INCASSO TRAMITE P.O.S. - Descrizione: ACCREDITO POS - COD.SIA:6181087-0,abbinato a chiusura cassa del 13/09/2026
8a2489a7-4d19-4b33-99ae-22b467508718,2026-09-14,618.17,True,2026-09-15T06:05:00.069006+00:00,incassi_pos,Causale: INCASSO TRAMITE P.O.S. - Descrizione: ACCREDITO POS - COD.SIA:6181087-0,abbinato a chiusura cassa del 11/09/2026
9393176d-77ad-43db-b8e2-362870c11fde,2026-09-14,230.7,True,2026-09-14T06:05:00.032784+00:00,incassi_pos,Causale: INCASSO TRAMITE P.O.S. - Descrizione: ACCREDITO POS - COD.SIA:6181087-0,abbinato a chiusura cassa del 13/09/2026
9b92ff5c-ddd8-4a90-9a53-af6d339bf534,2026-09-14,1037.74,True,2026-09-15T06:05:00.069006+00:00,incassi_pos,Causale: INCASSO TRAMITE P.O.S. - Descrizione: ACCREDITO POS - COD.SIA:6181087-0,abbinato a chiusura cassa del 12/09/2026
a4fc32c1-cde1-4721-88c3-ff80a8daa236,2026-09-14,117.42,True,2026-09-15T06:05:00.069006+00:00,incassi_pos,Incassi PagoBancomat 12.09.26 - 618108700010 BRUGNATO 5 TERRE OUTLET,abbinato a chiusura cassa del 12/09/2026
a842c0a5-595d-4585-84eb-48482196ca54,2026-09-14,186.31,True,2026-09-15T06:05:00.069006+00:00,incassi_pos,Causale: INCASSO TRAMITE P.O.S. - Descrizione: ACCREDITO POS - COD.SIA:6181087-0,abbinato a chiusura cassa del 11/09/2026
add70539-9222-49e1-ace4-2a139a115b7c,2026-09-14,68,True,2026-09-15T06:05:00.069006+00:00,incassi_pos,Incassi PagoBancomat 12.09.26 - 618108700003 VICOLO,abbinato a chiusura cassa del 12/09/2026
ae0688c1-35db-48a2-82d5-fa6f9f63aa4a,2026-09-14,381.8,True,2026-09-15T06:05:00.069006+00:00,incassi_pos,Causale: INCASSO TRAMITE P.O.S. - Descrizione: ACCREDITO POS - COD.SIA:6181087-0,abbinato a chiusura cassa del 13/09/2026
bc6b2e4f-4cde-4781-ace9-f3f40126a33a,2026-09-14,2145.13,True,2026-09-15T06:05:00.069006+00:00,incassi_pos,Causale: INCASSO TRAMITE P.O.S. - Descrizione: ACCREDITO POS - COD.SIA:6181087-0,abbinato a chiusura cassa del 12/09/2026
bf481a0d-dc79-4584-a9f2-5cb2c8199989,2026-09-14,1555.35,True,2026-09-15T06:05:00.069006+00:00,incassi_pos,Incassi Internazionali Numia SpA 8063565 13.09.26 618108700010 BRUGNATO 5 TERRE ,abbinato a chiusura cassa del 13/09/2026
c46ec058-39c1-4bfd-9b9d-acbb8b714c5f,2026-09-14,440.13,True,2026-09-15T06:05:00.069006+00:00,incassi_pos,Causale: INCASSO TRAMITE P.O.S. - Descrizione: ACCREDITO POS - COD.SIA:6181087-0,abbinato a chiusura cassa del 11/09/2026
c81eff1f-7a26-47d7-b098-412d11b357d9,2026-09-14,249.24,True,2026-09-15T06:05:00.069006+00:00,incassi_pos,Causale: INCASSO TRAMITE P.O.S. - Descrizione: ACCREDITO POS - COD.SIA:6181087-0,abbinato a chiusura cassa del 12/09/2026
cc0dbc0a-cd78-4f64-abbe-19d72d2abe6e,2026-09-14,1014.3,True,2026-09-15T06:05:00.069006+00:00,incassi_pos,Causale: INCASSO TRAMITE P.O.S. - Descrizione: ACCREDITO POS - COD.SIA:6181087-0,abbinato a chiusura cassa del 13/09/2026
cd462493-3529-4949-a26a-32f6f2daeaee,2026-09-14,214.9,True,2026-09-15T06:05:00.069006+00:00,incassi_pos,Causale: INCASSO TRAMITE P.O.S. - Descrizione: ACCREDITO POS - COD.SIA:6181087-0,abbinato a chiusura cassa del 13/09/2026
dd80a00a-c5d3-4929-95c9-5379e61f0b42,2026-09-14,98.9,True,2026-09-14T06:05:00.032784+00:00,incassi_pos,Causale: INCASSO TRAMITE P.O.S. - Descrizione: ACCREDITO POS - COD.SIA:6181087-0,abbinato a chiusura cassa del 13/09/2026
e02423d0-01cf-4b16-bf8d-fead8a8267f8,2026-09-14,31.61,True,2026-09-15T06:05:00.069006+00:00,incassi_pos,Causale: INCASSO TRAMITE P.O.S. - Descrizione: ACCREDITO POS - COD.SIA:6181087-0,abbinato a chiusura cassa del 12/09/2026
e6e55e11-1b24-40c6-ace0-8f712c0fed52,2026-09-14,941.53,True,2026-09-15T06:05:00.069006+00:00,incassi_pos,Causale: INCASSO TRAMITE P.O.S. - Descrizione: ACCREDITO POS - COD.SIA:6181087-0,abbinato a chiusura cassa del 13/09/2026
e94ddb06-7893-404f-83aa-c0253bdd0b52,2026-09-14,965.2,True,2026-09-15T06:05:00.069006+00:00,incassi_pos,Causale: INCASSO TRAMITE P.O.S. - Descrizione: ACCREDITO POS - COD.SIA:6181087-0,abbinato a chiusura cassa del 11/09/2026
ea90eaed-4786-4aa7-a7f8-fef08b648c5f,2026-09-14,80.3,True,2026-09-15T06:05:00.069006+00:00,incassi_pos,Causale: INCASSO TRAMITE P.O.S. - Descrizione: ACCREDITO POS - COD.SIA:6181087-0,abbinato a chiusura cassa del 11/09/2026
ee1b8683-d643-4c1f-ac57-5a534c7d5633,2026-09-14,635.08,True,2026-09-15T06:05:00.069006+00:00,incassi_pos,Causale: INCASSO TRAMITE P.O.S. - Descrizione: ACCREDITO POS - COD.SIA:6181087-0,abbinato a chiusura cassa del 12/09/2026
f0a919f2-cdb7-41cc-9871-a91e67a60b10,2026-09-14,1562.81,True,2026-09-15T06:05:00.069006+00:00,incassi_pos,Causale: INCASSO TRAMITE P.O.S. - Descrizione: ACCREDITO POS - COD.SIA:6181087-0,abbinato a chiusura cassa del 13/09/2026
f900b7ce-8a53-4754-b37d-570411817383,2026-09-14,124,True,2026-09-15T06:05:00.069006+00:00,incassi_pos,Incassi Internazionali Numia SpA 8039642 13.09.26 618108700003 VICOLO,abbinato a chiusura cassa del 13/09/2026
fef881bb-a45c-4ca2-8c86-db433f688a81,2026-09-14,581.03,True,2026-09-15T06:05:00.069006+00:00,incassi_pos,Causale: INCASSO TRAMITE P.O.S. - Descrizione: ACCREDITO POS - COD.SIA:6181087-0,abbinato a chiusura cassa del 11/09/2026
0f2e8333-1dc0-43ff-8041-aec0cbd8be23,2026-09-15,150.61,True,2026-09-15T14:23:05.547989+00:00,incassi_pos,Causale: INCASSO TRAMITE P.O.S. - Descrizione: ACCREDITO POS - COD.SIA:6181087-0,abbinato a chiusura cassa del 14/09/2026
28315b71-e4f8-490c-8cec-6b32d78605a8,2026-09-15,459.84,True,2026-09-15T14:23:05.547989+00:00,incassi_pos,Causale: INCASSO TRAMITE P.O.S. - Descrizione: ACCREDITO POS - COD.SIA:6181087-0,abbinato a chiusura cassa del 14/09/2026
2a9500d1-9757-4e2d-9edf-437aff23c77c,2026-09-15,520.75,True,2026-09-15T14:23:05.547989+00:00,incassi_pos,Causale: INCASSO TRAMITE P.O.S. - Descrizione: ACCREDITO POS - COD.SIA:6181087-0,abbinato a chiusura cassa del 14/09/2026
3628c2e1-ed2c-40c8-a3f1-087e3cc3f5aa,2026-09-15,263.94,True,2026-09-15T14:23:05.547989+00:00,incassi_pos,Causale: INCASSO TRAMITE P.O.S. - Descrizione: ACCREDITO POS - COD.SIA:6181087-0,abbinato a chiusura cassa del 14/09/2026
36aa0ee1-eba4-42c3-9e4d-f151d9cb9710,2026-09-15,117.3,True,2026-09-15T14:23:05.547989+00:00,incassi_pos,Causale: INCASSO TRAMITE P.O.S. - Descrizione: ACCREDITO POS - COD.SIA:6181087-0,abbinato a chiusura cassa del 14/09/2026
3e1010f0-48ce-4e2b-a583-40e779e6ed69,2026-09-15,651.71,True,2026-09-15T14:23:05.547989+00:00,incassi_pos,Causale: INCASSO TRAMITE P.O.S. - Descrizione: ACCREDITO POS - COD.SIA:6181087-0,abbinato a chiusura cassa del 14/09/2026
4421760d-ca73-490a-9539-e22950320196,2026-09-15,712.96,True,2026-09-15T14:23:05.547989+00:00,incassi_pos,Causale: INCASSO TRAMITE P.O.S. - Descrizione: ACCREDITO POS - COD.SIA:6181087-0,abbinato a chiusura cassa del 14/09/2026
4ffea475-bf00-4788-90a2-5d5222f6942d,2026-09-15,287.28,True,2026-09-15T06:05:00.069006+00:00,incassi_pos,Causale: INCASSO TRAMITE P.O.S. - Descrizione: ACCREDITO POS - COD.SIA:6181087-0,abbinato a chiusura cassa del 14/09/2026
54fdf57e-1fcc-4749-80ed-de1569df5fc3,2026-09-15,287.3,True,2026-09-15T14:23:05.547989+00:00,incassi_pos,Causale: INCASSO TRAMITE P.O.S. - Descrizione: ACCREDITO POS - COD.SIA:6181087-0,abbinato a chiusura cassa del 14/09/2026
5549a301-4853-405c-b2f1-33f06cf72e57,2026-09-15,74.07,True,2026-09-15T14:23:05.547989+00:00,incassi_pos,Causale: INCASSO TRAMITE P.O.S. - Descrizione: ACCREDITO POS - COD.SIA:6181087-0,abbinato a chiusura cassa del 14/09/2026
5a792969-ede2-491d-821d-50f3e3937c5d,2026-09-15,234.2,True,2026-09-15T14:23:05.547989+00:00,incassi_pos,Causale: INCASSO TRAMITE P.O.S. - Descrizione: ACCREDITO POS - COD.SIA:6181087-0,abbinato a chiusura cassa del 14/09/2026
8547efd8-9f0e-4e8d-addb-32d3fabd0a73,2026-09-15,355.2,True,2026-09-15T14:23:05.547989+00:00,incassi_pos,Causale: INCASSO TRAMITE P.O.S. - Descrizione: ACCREDITO POS - COD.SIA:6181087-0,abbinato a chiusura cassa del 14/09/2026
a08012e2-ffcc-418e-9110-093fa09fa3c0,2026-09-15,273.9,True,2026-09-15T06:05:00.069006+00:00,incassi_pos,Causale: INCASSO TRAMITE P.O.S. - Descrizione: ACCREDITO POS - COD.SIA:6181087-0,abbinato a chiusura cassa del 14/09/2026
acdfda24-8f5d-48d8-9455-4713fe5014b7,2026-09-15,364.74,True,2026-09-15T14:23:05.547989+00:00,incassi_pos,Causale: INCASSO TRAMITE P.O.S. - Descrizione: ACCREDITO POS - COD.SIA:6181087-0,abbinato a chiusura cassa del 14/09/2026
c167e311-dba1-48b0-a8a7-1ea121e86b55,2026-09-15,786.27,True,2026-09-15T14:23:05.547989+00:00,incassi_pos,Causale: INCASSO TRAMITE P.O.S. - Descrizione: ACCREDITO POS - COD.SIA:6181087-0,abbinato a chiusura cassa del 14/09/2026
