anno;mese;outlet;acquirer;merchant_code;payment_contract;regime;transato;commissioni;acquiring_fisso;bollo;fonte
2025;12;BRB;amex;7377153036;;lordo;945.00;8.51;0.00;0.00;documento
2025;12;BRB;nexi;LN0005458723;PC0001379716;netto;34603.09;274.63;2.50;2.00;documento
2025;12;BRG;amex;7379416167;;lordo;731.73;6.59;0.00;0.00;documento
2025;12;BRG;amex;7379605249;;lordo;688.76;6.20;0.00;0.00;documento
2025;12;BRG;nexi;LN0005533489;PC0001450042;netto;14837.60;108.99;2.50;2.00;documento
2025;12;FRC;amex;7377511100;;lordo;882.00;7.95;0.00;0.00;documento
2025;12;FRC;nexi;LN0005489545;PC0001396411;netto;35896.32;253.70;2.50;2.00;documento
2025;12;PLM;amex;7378034250;;lordo;329.65;2.97;0.00;0.00;documento
2025;12;PLM;nexi;LN0005475974;PC0001392693;netto;31074.66;240.74;2.50;2.00;documento
2025;12;VDC;amex;7373035260;;lordo;1207.88;10.87;0.00;0.00;documento
2025;12;VDC;nexi;LN0004777495;PC0001000583;lordo;86223.08;651.06;2.50;2.00;documento
2025;12;VLM;amex;7543377782;;lordo;84.80;0.76;0.00;0.00;documento
2025;12;VLM;amex;7543394233;;lordo;1820.61;16.40;0.00;0.00;documento
2025;12;VLM;nexi;LN0005674696;PC0001488287;netto;69160.46;520.06;2.50;2.00;documento
2026;01;BRB;amex;7377153036;;lordo;945.15;8.52;0.00;0.00;documento
2026;01;BRB;nexi;LN0005458723;PC0001379716;netto;48828.20;360.93;2.50;2.00;documento
2026;01;BRG;amex;7379416167;;lordo;275.35;2.48;0.00;0.00;documento
2026;01;BRG;amex;7379605249;;lordo;114.50;1.03;0.00;0.00;documento
2026;01;BRG;nexi;LN0005533489;PC0001450042;netto;21525.55;159.02;2.50;2.00;documento
2026;01;FRC;amex;7377511100;;lordo;1349.10;12.15;0.00;0.00;documento
2026;01;FRC;nexi;LN0005489545;PC0001396411;netto;71165.30;539.28;2.50;2.00;documento
2026;01;PLM;amex;7378034250;;lordo;111.00;1.00;0.00;0.00;documento
2026;01;PLM;amex;7379455439;;lordo;314.62;2.83;0.00;0.00;documento
2026;01;PLM;nexi;LN0005475974;PC0001392693;netto;33823.56;305.36;2.50;2.00;documento
2026;01;VDC;amex;7373035260;;lordo;1416.71;12.75;0.00;0.00;documento
2026;01;VDC;nexi;LN0004777495;PC0001000583;lordo;94715.74;695.79;2.50;2.00;documento
2026;01;VLM;amex;7543377782;;lordo;473.45;4.26;0.00;0.00;documento
2026;01;VLM;amex;7543394233;;lordo;1168.05;10.51;0.00;0.00;documento
2026;01;VLM;nexi;LN0005674696;PC0001488287;netto;49943.37;369.94;2.50;2.00;documento
2026;02;BRB;amex;7377153036;;lordo;547.55;4.92;0.00;0.00;documento
2026;02;BRB;nexi;LN0005458723;PC0001379716;netto;28277.99;224.14;2.50;2.00;documento
2026;02;BRG;amex;7379416167;;lordo;210.31;1.89;0.00;0.00;documento
2026;02;BRG;amex;7379605249;;lordo;310.12;2.79;0.00;0.00;documento
2026;02;BRG;nexi;LN0005533489;PC0001450042;netto;10475.72;79.24;2.50;2.00;documento
2026;02;FRC;amex;7377511100;;lordo;1266.62;11.39;0.00;0.00;documento
2026;02;FRC;nexi;LN0005489545;PC0001396411;netto;43839.00;318.51;2.50;2.00;documento
2026;02;PLM;amex;7378034250;;lordo;108.30;0.97;0.00;0.00;documento
2026;02;PLM;nexi;LN0005475974;PC0001392693;netto;24750.89;208.77;2.50;2.00;documento
2026;02;VDC;amex;7373035260;;lordo;493.69;4.46;0.00;0.00;documento
2026;02;VDC;nexi;LN0004777495;PC0001000583;lordo;59485.26;432.04;2.50;2.00;documento
2026;02;VLM;amex;7543377782;;lordo;2029.66;18.28;0.00;0.00;documento
2026;02;VLM;amex;7543394233;;lordo;354.20;3.20;0.00;0.00;documento
2026;02;VLM;nexi;LN0005674696;PC0001488287;netto;23427.56;168.80;2.50;2.00;documento
2026;03;BRB;amex;7377153036;;lordo;458.25;6.89;0.00;0.00;documento
2026;03;BRB;nexi;LN0005458723;PC0001379716;netto;17289.11;129.64;2.50;2.00;documento
2026;03;BRG;amex;7379416167;;lordo;134.60;2.02;0.00;0.00;documento
2026;03;BRG;amex;7379605249;;lordo;266.39;4.00;0.00;0.00;documento
2026;03;BRG;nexi;LN0005533489;PC0001450042;netto;8749.68;66.09;2.50;0.00;documento
2026;03;FRC;amex;7377511100;;lordo;627.90;9.42;0.00;0.00;documento
2026;03;FRC;nexi;LN0005489545;PC0001396411;netto;33491.95;246.94;2.50;2.00;documento
2026;03;PLM;amex;7378034250;;lordo;189.84;2.85;0.00;0.00;documento
2026;03;PLM;nexi;LN0005475974;PC0001392693;netto;18658.52;154.58;2.50;2.00;documento
2026;03;TRN;amex;9341423540;;lordo;292.01;4.39;0.00;0.00;documento
2026;03;TRN;nexi;LN0005755045;PC0001563440;netto;11366.92;80.85;10.00;2.00;documento
2026;03;VDC;amex;7373035260;;lordo;497.98;7.46;0.00;0.00;documento
2026;03;VDC;nexi;LN0004777495;PC0001000583;lordo;40150.30;294.59;2.50;2.00;documento
2026;03;VLM;amex;7543377782;;lordo;446.65;6.70;0.00;0.00;documento
2026;03;VLM;amex;7543394233;;lordo;359.90;5.40;0.00;0.00;documento
2026;03;VLM;nexi;LN0005674696;PC0001488287;netto;13921.54;104.63;2.50;2.00;documento
2026;04;BRB;amex;7377153036;;lordo;815.88;12.25;0.00;0.00;documento
2026;04;BRB;nexi;LN0005458723;PC0001379716;netto;34678.10;252.03;2.50;2.00;documento
2026;04;BRG;amex;7379416167;;lordo;280.12;4.20;0.00;0.00;documento
2026;04;BRG;amex;7379605249;;lordo;268.36;4.03;0.00;0.00;documento
2026;04;BRG;nexi;LN0005533489;PC0001450042;netto;14522.21;113.04;2.50;2.00;documento
2026;04;FRC;amex;7377511100;;lordo;511.26;7.67;0.00;0.00;documento
2026;04;FRC;nexi;LN0005489545;PC0001396411;netto;43118.69;323.08;2.50;2.00;documento
2026;04;PLM;amex;7378034250;;lordo;365.84;5.49;0.00;0.00;documento
2026;04;PLM;nexi;LN0005475974;PC0001392693;netto;31961.45;246.01;2.50;2.00;documento
2026;04;TRN;amex;9341423540;;lordo;1095.10;16.43;0.00;0.00;documento
2026;04;TRN;nexi;LN0005755045;PC0001563440;netto;38548.51;298.54;2.50;2.00;documento
2026;04;VDC;amex;7373035260;;lordo;1015.33;15.23;0.00;0.00;documento
2026;04;VDC;nexi;LN0004777495;PC0001000583;lordo;47525.51;352.65;2.50;2.00;documento
2026;04;VLM;amex;7543377782;;lordo;255.11;3.84;0.00;0.00;documento
2026;04;VLM;amex;7543394233;;lordo;1144.76;17.19;0.00;0.00;documento
2026;04;VLM;nexi;LN0005674696;PC0001488287;netto;35856.08;267.68;2.50;2.00;documento
2026;05;BRB;amex;7377153036;;lordo;678.32;10.17;0.00;0.00;documento
2026;05;BRB;nexi;LN0005458723;PC0001379716;netto;34647.20;271.17;2.50;2.00;documento
2026;05;BRG;amex;7379416167;;lordo;166.38;2.50;0.00;0.00;documento
2026;05;BRG;amex;7379605249;;lordo;348.60;5.23;0.00;0.00;documento
2026;05;BRG;nexi;LN0005533489;PC0001450042;netto;16953.90;123.35;2.50;2.00;documento
2026;05;FRC;amex;7377511100;;lordo;2270.22;34.04;0.00;0.00;documento
2026;05;FRC;nexi;LN0005489545;PC0001396411;netto;47678.09;365.92;2.50;2.00;documento
2026;05;PLM;amex;7378034250;;lordo;600.80;9.01;0.00;0.00;documento
2026;05;PLM;nexi;LN0005475974;PC0001392693;netto;32157.96;275.86;2.50;2.00;documento
2026;05;TRN;amex;9341423540;;lordo;1029.44;15.45;0.00;0.00;documento
2026;05;TRN;amex;9341489277;;lordo;65.00;0.98;0.00;0.00;documento
2026;05;TRN;nexi;LN0005755045;PC0001563440;netto;47803.75;364.92;2.50;2.00;documento
2026;05;VDC;amex;7373035260;;lordo;534.99;8.02;0.00;0.00;documento
2026;05;VDC;nexi;LN0004777495;PC0001000583;lordo;62307.71;486.57;2.50;2.00;documento
2026;05;VLM;amex;7543377782;;lordo;1028.20;15.43;0.00;0.00;documento
2026;05;VLM;amex;7543394233;;lordo;895.86;13.43;0.00;0.00;documento
2026;05;VLM;nexi;LN0005674696;PC0001488287;netto;50214.09;377.68;2.50;2.00;documento
2026;06;BRB;amex;7377153036;;lordo;977.97;14.68;0.00;0.00;documento
2026;06;BRB;nexi;LN0005458723;PC0001379716;netto;32780.93;271.40;2.50;2.00;documento
2026;06;BRG;amex;7379416167;;lordo;242.92;3.65;0.00;0.00;documento
2026;06;BRG;amex;7379605249;;lordo;296.54;4.45;0.00;0.00;documento
2026;06;BRG;nexi;LN0005533489;PC0001450042;netto;16970.69;122.34;2.50;2.00;documento
2026;06;FRC;amex;7377511100;;lordo;1587.89;23.82;0.00;0.00;documento
2026;06;FRC;nexi;LN0005489545;PC0001396411;netto;41519.07;335.47;2.50;2.00;documento
2026;06;PLM;amex;7378034250;;lordo;605.75;9.10;0.00;0.00;documento
2026;06;PLM;nexi;LN0005475974;PC0001392693;netto;37199.42;301.00;2.50;2.00;documento
2026;06;TRN;amex;9341423540;;lordo;952.30;14.29;0.00;0.00;documento
2026;06;TRN;nexi;LN0005755045;PC0001563440;netto;49509.30;388.67;2.50;2.00;documento
2026;06;VDC;amex;7373035260;;lordo;982.36;14.75;0.00;0.00;documento
2026;06;VDC;nexi;LN0004777495;PC0001000583;lordo;54045.86;405.09;2.50;2.00;documento
2026;06;VLM;amex;7543377782;;lordo;1044.01;15.67;0.00;0.00;documento
2026;06;VLM;amex;7543394233;;lordo;443.51;6.65;0.00;0.00;documento
2026;06;VLM;nexi;LN0005674696;PC0001488287;netto;33632.46;254.86;2.50;2.00;documento
2026;07;BRB;amex;7377153036;;lordo;992.09;14.89;0.00;0.00;documento
2026;07;BRB;nexi;LN0005458723;PC0001379716;netto;51436.59;391.55;2.50;2.00;documento
2026;07;BRG;amex;7379416167;;lordo;317.30;4.76;0.00;0.00;documento
2026;07;BRG;amex;7379605249;;lordo;694.70;10.42;0.00;0.00;documento
2026;07;BRG;nexi;LN0005533489;PC0001450042;netto;29884.62;229.86;2.50;2.00;documento
2026;07;FRC;amex;7377511100;;lordo;1208.84;18.14;0.00;0.00;documento
2026;07;FRC;nexi;LN0005489545;PC0001396411;netto;53626.19;407.04;2.50;2.00;documento
2026;07;PLM;amex;7378034250;;lordo;752.50;11.30;0.00;0.00;documento
2026;07;PLM;nexi;LN0005475974;PC0001392693;netto;56185.04;473.67;2.50;2.00;documento
2026;07;TRN;amex;9341423540;;lordo;2023.22;30.34;0.00;0.00;documento
2026;07;TRN;amex;9341489277;;lordo;115.80;1.73;0.00;0.00;documento
2026;07;TRN;nexi;LN0005755045;PC0001563440;netto;56392.07;431.25;2.50;2.00;documento
2026;07;VDC;amex;7373035260;;lordo;1849.94;27.76;0.00;0.00;documento
2026;07;VDC;nexi;LN0004777495;PC0001000583;lordo;77033.20;597.29;2.50;2.00;documento
2026;07;VLM;amex;7543377782;;lordo;884.04;13.28;0.00;0.00;documento
2026;07;VLM;amex;7543394233;;lordo;1169.75;17.56;0.00;0.00;documento
2026;07;VLM;nexi;LN0005674696;PC0001488287;netto;62180.23;461.69;2.50;2.00;documento
2026;08;BRB;amex;7377153036;;lordo;988.45;14.83;0.00;0.00;documento
2026;08;BRB;nexi;LN0005458723;PC0001379716;netto;40658.04;315.20;2.50;2.00;documento
2026;08;BRG;amex;7379416167;;lordo;103.00;1.55;0.00;0.00;documento
2026;08;BRG;amex;7379605249;;lordo;865.84;12.99;0.00;0.00;documento
2026;08;BRG;nexi;LN0005533489;PC0001450042;netto;36116.00;281.84;2.50;2.00;documento
2026;08;FRC;amex;7377511100;;lordo;1269.72;19.04;0.00;0.00;documento
2026;08;FRC;nexi;LN0005489545;PC0001396411;netto;48796.24;374.06;2.50;2.00;documento
2026;08;PLM;amex;7378034250;;lordo;737.69;11.07;0.00;0.00;documento
2026;08;PLM;nexi;LN0005475974;PC0001392693;netto;42647.43;375.10;2.50;2.00;documento
2026;08;TRN;amex;9341423540;;lordo;603.00;9.06;0.00;0.00;documento
2026;08;TRN;amex;9341489277;;lordo;38.50;0.58;0.00;0.00;documento
2026;08;TRN;nexi;LN0005755045;PC0001563440;netto;39248.73;301.21;2.50;2.00;documento
2026;08;VDC;amex;7373035260;;lordo;1456.95;21.87;0.00;0.00;documento
2026;08;VDC;nexi;LN0004777495;PC0001000583;lordo;62812.10;471.89;2.50;2.00;documento
2026;08;VLM;amex;7543377782;;lordo;694.85;10.42;0.00;0.00;documento
2026;08;VLM;amex;7543394233;;lordo;938.87;14.10;0.00;0.00;documento
2026;08;VLM;nexi;LN0005674696;PC0001488287;netto;31181.35;237.76;2.50;2.00;documento
