supporto;data_creazione;descrizione;scadenza;fornitore;piva;riferimento;importo;addebito
130649475;2026-01-30;SALDO RI.BA SCAD. 30/01/2026 NEW ZAGO;2026-01-31;GRUPPO F.B. S.R.L.;03612621213;SALDO FATT 7342;18094.43;2026-02-02/74500.01
130649475;2026-01-30;SALDO RI.BA SCAD. 30/01/2026 NEW ZAGO;2026-01-31;AXET FACILITY SRL;02778460127;Per la fattura 011659 del 15-12-25;274.16;2026-02-02/74500.01
130649475;2026-01-30;SALDO RI.BA SCAD. 30/01/2026 NEW ZAGO;2026-01-31;EGO COMMUNICATION S.R.L.;05019870483;RIF.DOCU.NUM. 1-2333 DEL 29-12-2025;188.95;2026-02-02/22218.76
130649475;2026-01-30;SALDO RI.BA SCAD. 30/01/2026 NEW ZAGO;2026-01-31;GRUPPO F.B. S.R.L.;03612621213;SALDO FATT 7416 MENO NC 7470;12080.07;2026-02-02/74500.01
130649475;2026-01-30;SALDO RI.BA SCAD. 30/01/2026 NEW ZAGO;2026-01-31;DISTRIBUZIONE 93 S.R.L;01822790471;FATTURA 585;29943.68;2026-02-02/74500.01
130649475;2026-01-30;SALDO RI.BA SCAD. 30/01/2026 NEW ZAGO;2026-01-31;S.B.A. SRL;03507621211;1242FV-1243FV-1246FV;6590.74;2026-02-02/9288.65
130649475;2026-01-30;SALDO RI.BA SCAD. 30/01/2026 NEW ZAGO;2026-01-31;GRUPPO F.B. S.R.L.;03612621213;SALDO FATT 7082;3047.07;2026-02-02/74500.01
130649475;2026-01-30;SALDO RI.BA SCAD. 30/01/2026 NEW ZAGO;2026-01-31;GRUPPO F.B. S.R.L.;03612621213;SALDO FATT 7145;1342.00;2026-02-02/74500.01
130649475;2026-01-30;SALDO RI.BA SCAD. 30/01/2026 NEW ZAGO;2026-02-10;ARCO SPEDIZIONI SPA;00327210183;Per la fattura num.0095226 del 31-12-25;359.14;2026-02-10/992.62
130649475;2026-01-30;SALDO RI.BA SCAD. 30/01/2026 NEW ZAGO;2026-02-10;ARCO SPEDIZIONI SPA;00327210183;Per la fattura num.0089591 del 19-12-25;632.68;2026-02-10/992.62
130649693;2026-01-30;SALDO RI.BA SCAD. 30/01/2026 NEW ZAGO SRL;2026-01-31;BRT S P A;04507990150;201 RB20250010449421 DOC.N.000815203 DEL 31-12-25;142.78;2026-02-02/22218.76
130649693;2026-01-30;SALDO RI.BA SCAD. 30/01/2026 NEW ZAGO SRL;2026-01-31;BRT S P A;04507990150;201 RB20250010434793 DOC.N.000793831 DEL 31-12-25;123.82;2026-02-02/22218.76
130649693;2026-01-30;SALDO RI.BA SCAD. 30/01/2026 NEW ZAGO SRL;2026-01-31;BRT S P A;04507990150;201 RB20250010440877 DOC.N.000802477 DEL 31-12-25;534.98;2026-02-02/22218.76
130649693;2026-01-30;SALDO RI.BA SCAD. 30/01/2026 NEW ZAGO SRL;2026-01-31;BEST TOOL S.R.L.;03129171207;SALDO FATT. N. 3052 DEL 30-11-2025;2767.57;2026-02-02/74500.01
130649693;2026-01-30;SALDO RI.BA SCAD. 30/01/2026 NEW ZAGO SRL;2026-01-31;S.B.A. SRL;03507621211;1301FV;2697.11;2026-02-02/9288.65
130649693;2026-01-30;SALDO RI.BA SCAD. 30/01/2026 NEW ZAGO SRL;2026-01-31;BRT S P A;04507990150;201 RB20250010416552 DOC.N.000768235 DEL 31-12-25;44.94;2026-02-02/22218.76
130649693;2026-01-30;SALDO RI.BA SCAD. 30/01/2026 NEW ZAGO SRL;2026-01-31;BRT S P A;04507990150;201 RB20250010424661 DOC.N.000779357 DEL 31-12-25;131.66;2026-02-02/22218.76
130649693;2026-01-30;SALDO RI.BA SCAD. 30/01/2026 NEW ZAGO SRL;2026-01-31;BRT S P A;04507990150;201 RB20250010429703 DOC.N.000786882 DEL 31-12-25;90.60;2026-02-02/22218.76
130649693;2026-01-30;SALDO RI.BA SCAD. 30/01/2026 NEW ZAGO SRL;2026-01-31;REALCART S.R.L.;01715000343;DOC. 1188-2025 DEL 31-10-2025;2438.04;2026-02-02/22218.76
130649693;2026-01-30;SALDO RI.BA SCAD. 30/01/2026 NEW ZAGO SRL;2026-01-31;S.B.A. SRL;03507621211;1252FV-167NC;778.00;2026-02-02/74500.01
130649823;2026-01-30;SALDO RI.BA SCAD. 31/01/2026;2026-01-31;MIAN SRL;09215381212;SALDO FT OTTOBRE;15481.19;2026-02-02/22218.76
130649823;2026-01-30;SALDO RI.BA SCAD. 31/01/2026;2026-01-31;SYS-DAT VERONA SRL;03268520230;FATTURE25103731 - 1;918.76;2026-02-02/74500.01
130649823;2026-01-30;SALDO RI.BA SCAD. 31/01/2026;2026-01-31;TANESINI SRL;02206840395;Rif- 8.2541 8.3089 8.3174 8.3187 5.455;5250.27;2026-02-02/74500.01
130649823;2026-01-30;SALDO RI.BA SCAD. 31/01/2026;2026-01-31;SHINE SRL;05363951210;SALDO FT 2322;3037.80;2026-02-02/22218.76
131528101;2026-02-27;SALDO RI.BA SCAD. 28/02 + ARCO SPEDIZIONI SCAD. 10/03;2026-02-28;GRUPPO F.B. S.R.L.;03612621213;SALDO FATT 7788;13343.14;2026-03-02/112097.43
131528101;2026-02-27;SALDO RI.BA SCAD. 28/02 + ARCO SPEDIZIONI SCAD. 10/03;2026-02-28;AXET FACILITY SRL;02778460127;Per la fattura 000057 del 14-01-26;274.16;2026-03-02/4176.80
131528101;2026-02-27;SALDO RI.BA SCAD. 28/02 + ARCO SPEDIZIONI SCAD. 10/03;2026-02-28;GRUPPO F.B. S.R.L.;03612621213;SALDO FATT 7811;1344.44;2026-03-02/112097.43
131528101;2026-02-27;SALDO RI.BA SCAD. 28/02 + ARCO SPEDIZIONI SCAD. 10/03;2026-02-28;GRUPPO F.B. S.R.L.;03612621213;SALDO FATT 7937 MENO NC 7970 E 7975;9074.36;2026-03-02/112097.43
131528101;2026-02-27;SALDO RI.BA SCAD. 28/02 + ARCO SPEDIZIONI SCAD. 10/03;2026-02-28;DISTRIBUZIONE 93 S.R.L;01822790471;FATTURA 655 NC. 602 NC. 633;33327.35;2026-03-02/112097.43
131528101;2026-02-27;SALDO RI.BA SCAD. 28/02 + ARCO SPEDIZIONI SCAD. 10/03;2026-02-28;GRUPPO F.B. S.R.L.;03612621213;SALDO FATT 7734;11815.09;2026-03-02/112097.43
131528101;2026-02-27;SALDO RI.BA SCAD. 28/02 + ARCO SPEDIZIONI SCAD. 10/03;2026-02-28;TANESINI SRL;02206840395;RIF: 8/3379 8/3393;2205.15;2026-03-02/11164.20
131528101;2026-02-27;SALDO RI.BA SCAD. 28/02 + ARCO SPEDIZIONI SCAD. 10/03;2026-02-28;TANESINI SRL;02206840395;RIF: 8/3089 8/3174 8/3187 5/455;3412.95;2026-03-02/11164.20
131528101;2026-02-27;SALDO RI.BA SCAD. 28/02 + ARCO SPEDIZIONI SCAD. 10/03;2026-03-10;ARCO SPEDIZIONI SPA;00327210183;Per la fattura num.0005676 del 31-01-26;704.81;2026-03-10/705.21
131528259;2026-02-27;SALDO RI.BA SCAD. 28/02;2026-02-28;BRT S P A;04507990150;201 RB20260010490916 DOC.N.000050882 DEL 31-01-26;513.95;2026-03-02/4176.80
131528259;2026-02-27;SALDO RI.BA SCAD. 28/02;2026-02-28;REALCART S.R.L.;01715000343;DOC. 1314-2025 DEL 28-11-2025;2507.01;2026-03-02/4176.80
131528259;2026-02-27;SALDO RI.BA SCAD. 28/02;2026-02-28;BEST TOOL S.R.L.;03129171207;SALDO FATT. N. 3308 DEL 19-12-2025;64.87;2026-03-02/4176.80
131528259;2026-02-27;SALDO RI.BA SCAD. 28/02;2026-02-28;EGO COMMUNICATION S.R.L.;05019870483;RIF.DOCU.NUM. 1-152 DEL 29-01-2026;187.73;2026-03-02/4176.80
131528259;2026-02-27;SALDO RI.BA SCAD. 28/02;2026-02-28;BRT S P A;04507990150;201 RB20260010479831 DOC.N.000035405 DEL 31-01-26;57.62;2026-03-02/4176.80
131528259;2026-02-27;SALDO RI.BA SCAD. 28/02;2026-02-28;S.B.A. SRL;03507621211;1346FV-185NC;753.54;2026-03-02/112097.43
131528259;2026-02-27;SALDO RI.BA SCAD. 28/02;2026-02-28;S.B.A. SRL;03507621211;1301FV;2697.12;2026-03-02/112097.43
131528259;2026-02-27;SALDO RI.BA SCAD. 28/02;2026-02-28;S.B.A. SRL;03507621211;1252FV-167NC;777.99;2026-03-02/112097.43
131528259;2026-02-27;SALDO RI.BA SCAD. 28/02;2026-02-28;S.B.A. SRL;03507621211;1242FV-1243FV-1246FV;6590.75;2026-03-02/112097.43
131528411;2026-02-27;SALDO RI.BA SCAD. 28/02;2026-02-28;BRT S P A;04507990150;201 RB20260010466877 DOC.N.000017109 DEL 31-01-26;94.87;2026-03-02/4176.80
131528411;2026-02-27;SALDO RI.BA SCAD. 28/02;2026-02-28;BRT S P A;04507990150;201 RB20260010474846 DOC.N.000028041 DEL 31-01-26;122.72;2026-03-02/4176.80
131528411;2026-02-27;SALDO RI.BA SCAD. 28/02;2026-02-28;BRT S P A;04507990150;201 RB20260010499446 DOC.N.000063557 DEL 31-01-26;85.19;2026-03-02/4176.80
131528411;2026-02-27;SALDO RI.BA SCAD. 28/02;2026-02-28;BRT S P A;04507990150;201 RB20260010484852 DOC.N.000042274 DEL 31-01-26;264.68;2026-03-02/4176.80
131528411;2026-02-27;SALDO RI.BA SCAD. 28/02;2026-02-28;MIAN S.R.L.;09215381212;SALDO FT NOVEMBRE;32369.65;2026-03-02/112097.43
131528411;2026-02-27;SALDO RI.BA SCAD. 28/02;2026-02-28;SHINE S.R.L.;05363951210;SALDO FT 2582;5544.90;2026-03-02/11164.20
132482998;2026-03-31;SALDO RI.BA SCAD. 31032026;2026-03-31;BRT S P A;04507990150;201 RB20260010530192 DOC.N.000101394 DEL 28-02-26;215.09;2026-03-31/3471.90
132482998;2026-03-31;SALDO RI.BA SCAD. 31032026;2026-03-31;BRT S P A;04507990150;201 RB20260010550045 DOC.N.000129669 DEL 28-02-26;298.77;2026-03-31/3471.90
132482998;2026-03-31;SALDO RI.BA SCAD. 31032026;2026-03-31;BRT S P A;04507990150;201 RB20260010535283 DOC.N.000108312 DEL 28-02-26;318.22;2026-03-31/3471.90
132482998;2026-03-31;SALDO RI.BA SCAD. 31032026;2026-03-31;SYS-DAT VERONA SRL;03268520230;FATTURE26100871 - 1;490.93;2026-03-31/3471.90
132482998;2026-03-31;SALDO RI.BA SCAD. 31032026;2026-03-31;BRT S P A;04507990150;201 RB20260010525146 DOC.N.000093961 DEL 28-02-26;168.15;2026-03-31/3471.90
132482998;2026-03-31;SALDO RI.BA SCAD. 31032026;2026-03-31;BRT S P A;04507990150;201 RB20260010517052 DOC.N.000082942 DEL 28-02-26;230.04;2026-03-31/3471.90
132482998;2026-03-31;SALDO RI.BA SCAD. 31032026;2026-03-31;BRT S P A;04507990150;201 RB20260010541462 DOC.N.000116999 DEL 28-02-26;913.78;2026-03-31/3471.90
132483156;2026-03-31;SALDO RI.BA SCAD. 31032026;2026-03-31;S.B.A. SRL;03507621211;1346FV-185NC;753.53;2026-03-31/3471.90
132483156;2026-03-31;SALDO RI.BA SCAD. 31032026;2026-03-31;FALIERO GRAFICA DI BARTOLOZZI;00892860511;fattura n 40-2026 del 26-02-2026;79.79;2026-03-31/3471.90
132483156;2026-03-31;SALDO RI.BA SCAD. 31032026;2026-04-10;ARCO SPEDIZIONI SPA;00327210183;Per la fattura num.0013368 del 28-02-26;650.78;2026-04-10/651.18
133355305;2026-04-29;EFFETTI SCAD. 30/04 + ARCO SPEDIZIONI SCAD. 10/05;2026-04-30;REALCART S.R.L.;01715000343;DOC. 92-2026 DEL 30-01-2026;670.71;2026-04-30/11298.65
133355305;2026-04-29;EFFETTI SCAD. 30/04 + ARCO SPEDIZIONI SCAD. 10/05;2026-04-30;BRT S P A;04507990150;201 RB20260010592821 DOC.N.000183390 DEL 31-03-26;1628.19;2026-04-30/11298.65
133355305;2026-04-29;EFFETTI SCAD. 30/04 + ARCO SPEDIZIONI SCAD. 10/05;2026-04-30;MIAN S.R.L.;09215381212;SALDO FT GENNAIO;29997.97;2026-04-30/42308.83
133355305;2026-04-29;EFFETTI SCAD. 30/04 + ARCO SPEDIZIONI SCAD. 10/05;2026-04-30;SHINE S.R.L.;05363951210;SALDO FT 60-26;10348.65;2026-04-30/42308.83
133355305;2026-04-29;EFFETTI SCAD. 30/04 + ARCO SPEDIZIONI SCAD. 10/05;2026-04-30;EGO COMMUNICATION S.R.L.;05019870483;RIF.DOCU.NUM. 1-679 DEL 30-03-2026;360.21;2026-04-30/11298.65
133355305;2026-04-29;EFFETTI SCAD. 30/04 + ARCO SPEDIZIONI SCAD. 10/05;2026-04-30;BRT S P A;04507990150;201 RB20260010568172 DOC.N.000149145 DEL 31-03-26;347.29;2026-04-30/11298.65
133355305;2026-04-29;EFFETTI SCAD. 30/04 + ARCO SPEDIZIONI SCAD. 10/05;2026-04-30;REALCART S.R.L.;01715000343;DOC. 91-2026 DEL 30-01-2026;854.35;2026-04-30/42308.83
133355305;2026-04-29;EFFETTI SCAD. 30/04 + ARCO SPEDIZIONI SCAD. 10/05;2026-04-30;REALCART S.R.L.;01715000343;DOC. 90-2026 DEL 30-01-2026;854.35;2026-04-30/11298.65
133355305;2026-04-29;EFFETTI SCAD. 30/04 + ARCO SPEDIZIONI SCAD. 10/05;2026-04-30;AXET FACILITY SRL;02778460127;Per la fattura 002263 del 19-03-26;274.16;2026-04-30/42308.83
133355305;2026-04-29;EFFETTI SCAD. 30/04 + ARCO SPEDIZIONI SCAD. 10/05;2026-05-10;ARCO SPEDIZIONI SPA;00327210183;Per la fattura num.0021284 del 31-03-26;613.56;2026-05-11/613.96
133355506;2026-04-29;EFFETTI SCAD. 30/04/2026;2026-04-30;BRT S P A;04507990150;201 RB20260010601507 DOC.N.000196212 DEL 31-03-26;332.25;2026-04-30/11298.65
133355506;2026-04-29;EFFETTI SCAD. 30/04/2026;2026-04-30;NOIR DI NIGRO PATRIZIA;NGRPRZ75M69G999Y;FT 30;6159.78;2026-04-30/11298.65
133355506;2026-04-29;EFFETTI SCAD. 30/04/2026;2026-04-30;BRT S P A;04507990150;201 RB20260010586571 DOC.N.000174629 DEL 31-03-26;85.84;2026-04-30/11298.65
133355506;2026-04-29;EFFETTI SCAD. 30/04/2026;2026-04-30;SYS-DAT VERONA SRL;03268520230;FATTURE26101180 - 1;831.70;2026-04-30/42308.83
133355506;2026-04-29;EFFETTI SCAD. 30/04/2026;2026-04-30;BRT S P A;04507990150;201 RB20260010581450 DOC.N.000167706 DEL 31-03-26;489.38;2026-04-30/11298.65
133355506;2026-04-29;EFFETTI SCAD. 30/04/2026;2026-04-30;BRT S P A;04507990150;201 RB20260010576360 DOC.N.000160248 DEL 31-03-26;366.65;2026-04-30/11298.65
134322975;2026-05-29;RI.BA SCAD 31/05/2026;2026-05-31;CERBINO S.R.L.;02002730287;Per la fattura 000263 del 16-03-26;785.68;2026-06-01/40845.66
134322975;2026-05-29;RI.BA SCAD 31/05/2026;2026-05-31;GRUPPO F.B. S.R.L.;03612621213;SALDO FATT 1956;28268.62;2026-06-01/44745.82
134322975;2026-05-29;RI.BA SCAD 31/05/2026;2026-05-31;DISTRIBUZIONE 93 S.R.L.;01822790471;FATTURA 136;7283.40;2026-06-01/44745.82
134322975;2026-05-29;RI.BA SCAD 31/05/2026;2026-05-31;GLADIOTEX-IDEAZIONI SRL;02403030360;RIFERIM. FATT. N. 197 DEL 31-03-26;6775.64;2026-06-01/40845.66
134322975;2026-05-29;RI.BA SCAD 31/05/2026;2026-05-31;EGO COMMUNICATION S.R.L.;05019870483;RIF.DOCU.NUM. 1-854 DEL 30-04-2026;191.30;2026-06-01/2077.56
134322975;2026-05-29;RI.BA SCAD 31/05/2026;2026-05-31;S.B.A. SRL;03507621211;343FV-36NC-51NC;3462.72;2026-06-01/44745.82
134322975;2026-05-29;RI.BA SCAD 31/05/2026;2026-05-31;MIAN SRL;09215381212;SALDO FT MARZO;12294.74;2026-06-01/40845.66
134322975;2026-05-29;RI.BA SCAD 31/05/2026;2026-05-31;SHINE SRL;05363951210;SALDO FT 388 A 618-NC 291 A 56 26;6030.06;2026-06-01/40845.66
134322975;2026-05-29;RI.BA SCAD 31/05/2026;2026-05-31;FALIERO GRAFICA DI BARTOLOZZI;00892860511;FATTURA N 73-2026 DEL 30-03-2026;444.81;2026-06-01/2077.56
134322975;2026-05-29;RI.BA SCAD 31/05/2026;2026-06-01;NOIR DI NIGRO PATRIZIA;NGRPRZ75M69G999Y;FT 46;4300.50;2026-06-01/4300.90
134323050;2026-05-29;RI.BA SCAD. 31/05/2026;2026-05-31;BEST TOOL SRL;03129171207;SALDO FATT. N. 919 DEL 31-03-2026;44.53;2026-06-01/40845.66
134323050;2026-05-29;RI.BA SCAD. 31/05/2026;2026-05-31;BRT S P A;04507990150;201 RB20260010619582 DOC.N.000215417 DEL 30-04-26;62.00;2026-06-01/2077.56
134323050;2026-05-29;RI.BA SCAD. 31/05/2026;2026-05-31;PROGETTO ANTINCENDIO;03334530981;FATT. 538 DEL 23-04-2026;91.50;2026-06-01/44745.82
134323050;2026-05-29;RI.BA SCAD. 31/05/2026;2026-05-31;SRT SRL;01278180243;FT 143 26;12151.71;2026-06-01/40845.66
134323050;2026-05-29;RI.BA SCAD. 31/05/2026;2026-05-31;E.M. COMPANY SRL;01251100432;FT.N.1744/00 30/04/2026;5637.58;2026-06-01/44745.82
134323050;2026-05-29;RI.BA SCAD. 31/05/2026;2026-05-31;BRT S P A;04507990150;201 RB20260010627708 DOC.N.000226328 DEL 30-04-26;78.97;2026-06-01/2077.56
134323050;2026-05-29;RI.BA SCAD. 31/05/2026;2026-05-31;BEST TOOL SRL;03129171207;SALDO FATT. N. 920 DEL 31-03-2026;128.10;2026-06-01/40845.66
134323050;2026-05-29;RI.BA SCAD. 31/05/2026;2026-05-31;AXET FACILITY SRL;02778460127;PER LA FATTURA 003344 del 22-04-26;290.83;2026-06-01/2077.56
134323050;2026-05-29;RI.BA SCAD. 31/05/2026;2026-05-31;REALCART S.R.L.;01715000343;DOC. 201-2026 DEL 28-02-2026;1346.44;2026-06-01/40845.66
134323050;2026-05-29;RI.BA SCAD. 31/05/2026;2026-05-31;REALCART S.R.L.;01715000343;DOC. 200-2026 DEL 28-02-2026;1023.28;2026-06-01/40845.66
134323120;2026-05-29;RI.BA SCAD. 31/05/2026;2026-05-31;BRT S P A;04507990150;201 RB20260010637813 DOC.N.000240430 DEL 30-04-26;179.91;2026-06-01/2077.56
134323120;2026-05-29;RI.BA SCAD. 31/05/2026;2026-05-31;BRT S P A;04507990150;201 RB20260010644020 DOC.N.000249030 DEL 30-04-26;526.21;2026-06-01/2077.56
134323120;2026-05-29;RI.BA SCAD. 31/05/2026;2026-05-31;BRT S P A;04507990150;201 RB20260010652592 DOC.N.000261568 DEL 30-04-26;121.79;2026-06-01/2077.56
134323120;2026-05-29;RI.BA SCAD. 31/05/2026;2026-05-31;SYS-DAT VERONA SRL;03268520230;FATTURE26101465 - 1;261.48;2026-06-01/40845.66
134323120;2026-05-29;RI.BA SCAD. 31/05/2026;2026-05-31;BRT S P A;04507990150;201 RB20260010649845 DOC.N.000257440 DEL 30-04-26;109.29;2026-06-01/2077.56
134323120;2026-05-29;RI.BA SCAD. 31/05/2026;2026-05-31;BRT S P A;04507990150;201 RB20260010632749 DOC.N.000233604 DEL 30-04-26;68.45;2026-06-01/2077.56
135004401;2026-06-22;RI.BA SCAD. 30062026;2026-06-30;GRUPPO F.B. S.R.L.;03612621213;ACC FATT 3480 MENO NC N.3438 N.3439;1698.85;2026-06-30/69544.96
135004401;2026-06-22;RI.BA SCAD. 30062026;2026-06-30;GRUPPO F.B. S.R.L.;03612621213;SALDO FATT 1743 E N 1744 MENO NC 176 - 393 - 1116;8718.49;2026-06-30/69544.96
135004401;2026-06-22;RI.BA SCAD. 30062026;2026-06-30;SRT SRL;01278180243;FT 187 26;1987.88;2026-06-30/32081.22
135004401;2026-06-22;RI.BA SCAD. 30062026;2026-06-30;FALIERO GRAFICA DI BARTOLOZZI;00892860511;FATTURA N 73-2026 DEL 30-03-2026;444.81;2026-06-30/2795.97
135004401;2026-06-22;RI.BA SCAD. 30062026;2026-06-30;GRUPPO F.B. S.R.L.;03612621213;ACC FATT 2704;10976.34;2026-06-30/69544.96
135004401;2026-06-22;RI.BA SCAD. 30062026;2026-06-30;GRUPPO F.B. S.R.L.;03612621213;SALDO FATT 2070;18712.36;2026-06-30/69544.96
135004401;2026-06-22;RI.BA SCAD. 30062026;2026-06-30;SHINE SRL;05363951210;SALDO FT 388 A 618-NC 33 A 56;5007.69;2026-06-30/32081.22
135004401;2026-06-22;RI.BA SCAD. 30062026;2026-06-30;GRUPPO F.B. S.R.L.;03612621213;ACCONTO FATT N.3657 MENO NC 3797;290.44;2026-06-30/32081.22
135004401;2026-06-22;RI.BA SCAD. 30062026;2026-06-30;GRUPPO F.B. S.R.L.;03612621213;ACCONTO FATT N.3315;2727.31;2026-06-30/69544.96
135004401;2026-06-22;RI.BA SCAD. 30062026;2026-06-30;GRUPPO F.B. S.R.L.;03612621213;ACCONTO FATT 2548;3853.57;2026-06-30/69544.96
135004439;2026-06-22;RI.BA SCAD. 30062026;2026-06-30;REALCART S.R.L.;01715000343;DOC. 320-2026 DEL 31-03-2026;729.56;2026-06-30/32081.22
135004439;2026-06-22;RI.BA SCAD. 30062026;2026-06-30;GLADIOTEX-IDEAZIONI SRL;02403030360;RIFERIM. FATT. N. 269 DEL 30-04-26;1512.80;2026-06-30/32081.22
135004439;2026-06-22;RI.BA SCAD. 30062026;2026-06-30;EGO COMMUNICATION S.R.L.;05019870483;RIF.DOCU.NUM. 1-1096 DEL 29-05-2026;188.95;2026-06-30/2795.97
135004439;2026-06-22;RI.BA SCAD. 30062026;2026-06-30;REALCART S.R.L.;01715000343;DOC. 322-2026 DEL 31-03-2026;1184.86;2026-06-30/32081.22
135004439;2026-06-22;RI.BA SCAD. 30062026;2026-06-30;REALCART S.R.L.;01715000343;DOC. 321-2026 DEL 31-03-2026;993.86;2026-06-30/32081.22
135004439;2026-06-22;RI.BA SCAD. 30062026;2026-06-30;BRT S P A;04507990150;201 RB20260010694722 DOC.N.000313906 DEL 31-05-26;599.23;2026-06-30/2795.97
135004439;2026-06-22;RI.BA SCAD. 30062026;2026-06-30;TANESINI SRL;02206840395;Rif- 5-7 5-34 5-73 8-962 8-963 8-964 8-966 8-967 8-968 8-969 8-1040 8-1041;5447.91;2026-06-30/69544.96
135004439;2026-06-22;RI.BA SCAD. 30062026;2026-06-30;MIAN S.R.L.;09215381212;SALDO FT 375 A 476-NC 30 A 60;13943.80;2026-06-30/69544.96
135004439;2026-06-22;RI.BA SCAD. 30062026;2026-06-30;AXET FACILITY SRL;02778460127;PER LA FATTURA 004154 del 20-05-26;290.83;2026-06-30/2795.97
135004439;2026-06-22;RI.BA SCAD. 30062026;2026-06-30;S.B.A. SRL;03507621211;343FV-36NC-51NC;3462.73;2026-06-30/69544.96
135004496;2026-06-22;RI.BA SCAD. 30062026;2026-06-30;BRT S P A;04507990150;201 RB20260010683452 DOC.N.000298563 DEL 31-05-26;167.01;2026-06-30/2795.97
135004496;2026-06-22;RI.BA SCAD. 30062026;2026-06-30;NOIR DI NIGRO PATRIZIA;NGRPRZ75M69G999Y;FT 62;19943.95;2026-06-30/32081.22
135004496;2026-06-22;RI.BA SCAD. 30062026;2026-06-30;BRT S P A;04507990150;201 RB20260010703246 DOC.N.000326321 DEL 31-05-26;170.79;2026-06-30/2795.97
135004496;2026-06-22;RI.BA SCAD. 30062026;2026-06-30;BRT S P A;04507990150;201 RB20260010688525 DOC.N.000305364 DEL 31-05-26;255.47;2026-06-30/2795.97
135004496;2026-06-22;RI.BA SCAD. 30062026;2026-06-30;SYS-DAT VERONA SRL;03268520230;FATTURE26101748 - 1;261.48;2026-06-30/32081.22
135004496;2026-06-22;RI.BA SCAD. 30062026;2026-06-30;BRT S P A;04507990150;201 RB20260010678429 DOC.N.000291337 DEL 31-05-26;218.38;2026-06-30/2795.97
135004496;2026-06-22;RI.BA SCAD. 30062026;2026-06-30;BRT S P A;04507990150;201 RB20260010670345 DOC.N.000280525 DEL 31-05-26;156.34;2026-06-30/2795.97
135004496;2026-06-22;RI.BA SCAD. 30062026;2026-06-30;GTN SPA;01438240309;PER LA FATTURA N. 1326-H DEL 31-05-2026;164.70;2026-06-30/32081.22
135004496;2026-06-22;RI.BA SCAD. 30062026;2026-06-30;BRT S P A;04507990150;201 RB20260010700516 DOC.N.000322222 DEL 31-05-26;300.16;2026-06-30/2795.97
135335204;2026-07-02;ARCO SPEDIZIONE SCAD. 10/07;2026-07-10;ARCO SPEDIZIONI SPA;00327210183;Per la fattura num.0037145 del 30-05-26;945.40;2026-07-10/945.80
136226296;2026-07-30;RI.BA SCADENZA 31/07/2026;2026-07-31;GRUPPO F.B. S.R.L.;03612621213;SALDO FATT 2453;16110.83;2026-07-31/51162.64
136226296;2026-07-30;RI.BA SCADENZA 31/07/2026;2026-07-31;SHINE SRL;05363951210;SALDO FT 560 A 801-NC 44-56;14049.11;2026-07-31/43777.27
136226296;2026-07-30;RI.BA SCADENZA 31/07/2026;2026-07-31;GRUPPO F.B. S.R.L.;03612621213;SALDO FATT 2241;13992.67;2026-07-31/46298.58
136226296;2026-07-30;RI.BA SCADENZA 31/07/2026;2026-07-31;GRUPPO F.B. S.R.L.;03612621213;ACC FATT 2704;10976.34;2026-07-31/46298.58
136226296;2026-07-30;RI.BA SCADENZA 31/07/2026;2026-07-31;SRT SRL;01278180243;FT 237 26;5157.00;2026-07-31/43777.27
136226296;2026-07-30;RI.BA SCADENZA 31/07/2026;2026-07-31;GRUPPO F.B. S.R.L.;03612621213;ACCONTO FATT N.3315;2727.31;2026-07-31/46298.58
136226296;2026-07-30;RI.BA SCADENZA 31/07/2026;2026-07-31;GRUPPO F.B. S.R.L.;03612621213;ACCONTO FATT N.3657 MENO NC 3797;290.44;2026-07-31/43777.27
136226296;2026-07-30;RI.BA SCADENZA 31/07/2026;2026-07-31;GRUPPO F.B. S.R.L.;03612621213;ACC FATT 3480 MENO NC N.3438 N.3439;1698.85;2026-07-31/46298.58
136226296;2026-07-30;RI.BA SCADENZA 31/07/2026;2026-07-31;GRUPPO F.B. S.R.L.;03612621213;ACCONTO FATT 2548;3853.57;2026-07-31/46298.58
136226401;2026-07-30;RI.BA SCAD. 31/07/2026;2026-07-31;GRUPPO F.B. S.R.L.;03612621213;ACC FATT 3921;1745.21;2026-07-31/46298.58
136226401;2026-07-30;RI.BA SCAD. 31/07/2026;2026-07-31;REALCART S.R.L.;01715000343;DOC. 443-2026 DEL 30-04-2026;472.48;2026-07-31/43777.27
136226401;2026-07-30;RI.BA SCAD. 31/07/2026;2026-07-31;REALCART S.R.L.;01715000343;DOC. 442-2026 DEL 30-04-2026;626.69;2026-07-31/43777.27
136226401;2026-07-30;RI.BA SCAD. 31/07/2026;2026-07-31;GRUPPO F.B. S.R.L.;03612621213;ACC FATT 3952;2201.05;2026-07-31/46298.58
136226401;2026-07-30;RI.BA SCAD. 31/07/2026;2026-07-31;GLADIOTEX-IDEAZIONI SRL;02403030360;RIFERIM. FATT. N. 346 DEL 31-05-26;1448.26;2026-07-31/3750.51
136226401;2026-07-30;RI.BA SCAD. 31/07/2026;2026-07-31;GRUPPO F.B. S.R.L.;03612621213;ACC FATT 3992;4824.29;2026-07-31/46298.58
136226401;2026-07-30;RI.BA SCAD. 31/07/2026;2026-07-31;GRUPPO F.B. S.R.L.;03612621213;ACC FATT 3896;1519.92;2026-07-31/46298.58
136226401;2026-07-30;RI.BA SCAD. 31/07/2026;2026-07-31;AXET FACILITY SRL;02778460127;Per la fattura 005198 del 18-06-26;290.83;2026-07-31/43777.27
136226401;2026-07-30;RI.BA SCAD. 31/07/2026;2026-07-31;EGO COMMUNICATION S.R.L.;05019870483;RIF.DOCU.NUM. 1-1244 DEL 26-06-2026;188.95;2026-07-31/3750.51
136226486;2026-07-30;RI.BA SCAD. 31/07/2026;2026-07-31;BRT S P A;04507990150;201 RB20260010720941 DOC.N.000345204 DEL 30-06-26;249.37;2026-07-31/3750.51
136226486;2026-07-30;RI.BA SCAD. 31/07/2026;2026-07-31;BRT S P A;04507990150;201 RB20260010738933 DOC.N.000369800 DEL 30-06-26;162.82;2026-07-31/3750.51
136226486;2026-07-30;RI.BA SCAD. 31/07/2026;2026-07-31;BRT S P A;04507990150;201 RB20260010733984 DOC.N.000363132 DEL 30-06-26;154.88;2026-07-31/3750.51
136226486;2026-07-30;RI.BA SCAD. 31/07/2026;2026-07-31;BRT S P A;04507990150;201 RB20260010729013 DOC.N.000355994 DEL 30-06-26;214.88;2026-07-31/3750.51
136226486;2026-07-30;RI.BA SCAD. 31/07/2026;2026-07-31;BRT S P A;04507990150;201 RB20260010753667 DOC.N.000390669 DEL 30-06-26;164.03;2026-07-31/3750.51
136226486;2026-07-30;RI.BA SCAD. 31/07/2026;2026-07-31;GRUPPO F.B. S.R.L.;03612621213;ACC FATT 4039 MENO NC 4084 E 4107;2755.37;2026-07-31/46298.58
136226486;2026-07-30;RI.BA SCAD. 31/07/2026;2026-07-31;GLS ENTERPRISE SRL;04102770965;NS.FATTURA N. 959581 DEL 30-06-26;157.53;2026-07-31/3750.51
136226486;2026-07-30;RI.BA SCAD. 31/07/2026;2026-07-31;MIAN S.R.L.;09215381212;SALDO FT 373 A 97-NC 51 A 60;35051.01;2026-07-31/51162.64
136226486;2026-07-30;RI.BA SCAD. 31/07/2026;2026-07-31;BEST TOOL S.R.L.;03129171207;SALDO FATT. N. 1508 DEL 31-05-2026;1819.63;2026-07-31/43777.27
136226575;2026-07-30;RI.BA SCAD. 31/07/2026;2026-07-31;HUMATICS SRL;03268520230;FATTURE26102058 - 1;77.97;2026-07-31/43777.27
136226575;2026-07-30;RI.BA SCAD. 31/07/2026;2026-07-31;NOIR DI NIGRO PATRIZIA;NGRPRZ75M69G999Y;FT 73;15541.21;2026-07-31/43777.27
136226575;2026-07-30;RI.BA SCAD. 31/07/2026;2026-07-31;TANESINI SRL;02206840395;Rif- 5.7 5.34 5.73 8.962 8.963 8.964 8.966 8.967 8.968 8.969 8.1040 8.1041;5447.91;2026-07-31/43777.27
136226575;2026-07-30;RI.BA SCAD. 31/07/2026;2026-07-31;BRT S P A;04507990150;201 RB20260010750925 DOC.N.000386668 DEL 30-06-26;350.97;2026-07-31/3750.51
136226575;2026-07-30;RI.BA SCAD. 31/07/2026;2026-07-31;BRT S P A;04507990150;201 RB20260010745095 DOC.N.000378334 DEL 30-06-26;654.82;2026-07-31/3750.51
